MOLECULE-A,MOLECULE-B,REMOVAL-FRAG,INSERTION-FRAG,GEN-MOL-SMI,DELTA-LOGP,DELTA-QED,CASE
Cc1nc2ccc(Cl)cc2c(-n2ccc3c(O)cc(-c4cn[nH]c4)cc32)c1C,NC(=O)[C@H](Cc1ccccc1)NC(=O)[C@H](CS)NC(=O)c1cn[nH]c1,[*]c1[c;H1][n;H1][n;H0][c;H1]1,[6*]C(C)=O,CC(=O)C(=O)N[C@@H](CS)C(=O)N[C@@H](Cc1ccccc1)C(N)=O,-0.44789999999999935,-0.04465083255182328,A $\rightarrow$ B
Cc1nc2ccc(Cl)cc2c(-n2ccc3c(O)cc(-c4cn[nH]c4)cc32)c1C,NC(=O)[C@H](Cc1ccccc1)NC(=O)[C@H](CS)NC(=O)c1cn[nH]c1,[*]c1[c;H1][n;H1][n;H0][c;H1]1,[14*]c1ccccn1,NC(=O)[C@H](Cc1ccccc1)NC(=O)[C@H](CS)NC(=O)c1ccccn1,0.6718999999999999,0.08833241250414836,A $\rightarrow$ B
Cc1nc2ccc(Cl)cc2c(-n2ccc3c(O)cc(-c4cn[nH]c4)cc32)c1C,NC(=O)[C@H](Cc1ccccc1)NC(=O)[C@H](CS)NC(=O)c1cn[nH]c1,[*]c1[c;H1][n;H1][n;H0][c;H1]1,[6*]C(=O)NC(C)(C)C,CC(C)(C)NC(=O)C(=O)N[C@@H](CS)C(=O)N[C@@H](Cc1ccccc1)C(N)=O,-0.12219999999999859,-0.09546557874965428,A $\rightarrow$ B
Cc1nc2ccc(Cl)cc2c(-n2ccc3c(O)cc(-c4cn[nH]c4)cc32)c1C,NC(=O)[C@H](Cc1ccccc1)NC(=O)[C@H](CS)NC(=O)c1cn[nH]c1,[*]c1[c;H1][n;H1][n;H0][c;H1]1,[14*]c1nnco1,NC(=O)[C@H](Cc1ccccc1)NC(=O)[C@H](CS)NC(=O)c1nnco1,-0.34009999999999946,0.04626299518984661,A $\rightarrow$ B
Cc1nc2ccc(Cl)cc2c(-n2ccc3c(O)cc(-c4cn[nH]c4)cc32)c1C,NC(=O)[C@H](Cc1ccccc1)NC(=O)[C@H](CS)NC(=O)c1cn[nH]c1,[*]c1[c;H1][n;H1][n;H0][c;H1]1,[14*]c1nccs1,NC(=O)[C@H](Cc1ccccc1)NC(=O)[C@H](CS)NC(=O)c1nccs1,0.7334,0.08592988701442839,A $\rightarrow$ B
Cc1nc2ccc(Cl)cc2c(-n2ccc3c(O)cc(-c4cn[nH]c4)cc32)c1C,NC(=O)[C@H](Cc1ccccc1)NC(=O)[C@H](CS)NC(=O)c1cn[nH]c1,[*]c1[c;H1][n;H1][n;H0][c;H1]1,[14*]c1ncc[nH]1,NC(=O)[C@H](Cc1ccccc1)NC(=O)[C@H](CS)NC(=O)c1ncc[nH]1,0.0,0.0,A $\rightarrow$ B
Cc1nc2ccc(Cl)cc2c(-n2ccc3c(O)cc(-c4cn[nH]c4)cc32)c1C,NC(=O)[C@H](Cc1ccccc1)NC(=O)[C@H](CS)NC(=O)c1cn[nH]c1,[*]c1[c;H1][n;H1][n;H0][c;H1]1,[6*]C(=O)NCC(C)C,CC(C)CNC(=O)C(=O)N[C@@H](CS)C(=O)N[C@@H](Cc1ccccc1)C(N)=O,-0.26469999999999777,-0.12913360301494115,A $\rightarrow$ B
Cc1nc2ccc(Cl)cc2c(-n2ccc3c(O)cc(-c4cn[nH]c4)cc32)c1C,NC(=O)[C@H](Cc1ccccc1)NC(=O)[C@H](CS)NC(=O)c1cn[nH]c1,[*]c1[c;H1][n;H1][n;H0][c;H1]1,[8*]CF,NC(=O)[C@H](Cc1ccccc1)NC(=O)[C@H](CS)NC(=O)CF,-0.06739999999999996,0.07650856640881892,A $\rightarrow$ B
Cc1nc2ccc(Cl)cc2c(-n2ccc3c(O)cc(-c4cn[nH]c4)cc32)c1C,NC(=O)[C@H](Cc1ccccc1)NC(=O)[C@H](CS)NC(=O)c1cn[nH]c1,[*]c1[c;H1][n;H1][n;H0][c;H1]1,[14*]c1ncncn1,NC(=O)[C@H](Cc1ccccc1)NC(=O)[C@H](CS)NC(=O)c1ncncn1,-0.5380999999999994,0.030657262537992225,A $\rightarrow$ B
Cc1nc2ccc(Cl)cc2c(-n2ccc3c(O)cc(-c4cn[nH]c4)cc32)c1C,NC(=O)[C@H](Cc1ccccc1)NC(=O)[C@H](CS)NC(=O)c1cn[nH]c1,[*]c1[c;H1][n;H1][n;H0][c;H1]1,[9*]n1ccc(C)n1,Cc1ccn(C(=O)N[C@@H](CS)C(=O)N[C@@H](Cc2ccccc2)C(N)=O)n1,0.60972,0.10759627498292235,A $\rightarrow$ B
Cc1nc2ccc(Cl)cc2c(-n2ccc3c(O)cc(-c4cn[nH]c4)cc32)c1C,NC(=O)[C@H](Cc1ccccc1)NC(=O)[C@H](CS)NC(=O)c1cn[nH]c1,[*]c1[c;H1][n;H1][n;H0][c;H1]1,[8*]Cn1nccn1,NC(=O)[C@H](Cc1ccccc1)NC(=O)[C@H](CS)NC(=O)Cn1nccn1,-0.7451999999999985,0.0013364449208830287,A $\rightarrow$ B
Cc1nc2ccc(Cl)cc2c(-n2ccc3c(O)cc(-c4cn[nH]c4)cc32)c1C,NC(=O)[C@H](Cc1ccccc1)NC(=O)[C@H](CS)NC(=O)c1cn[nH]c1,[*]c1[c;H1][n;H1][n;H0][c;H1]1,[14*]c1nc(C)no1,Cc1noc(C(=O)N[C@@H](CS)C(=O)N[C@@H](Cc2ccccc2)C(N)=O)n1,-0.031679999999999986,0.05085933433910289,A $\rightarrow$ B
Cc1nc2ccc(Cl)cc2c(-n2ccc3c(O)cc(-c4cn[nH]c4)cc32)c1C,NC(=O)[C@H](Cc1ccccc1)NC(=O)[C@H](CS)NC(=O)c1cn[nH]c1,[*]c1[c;H1][n;H1][n;H0][c;H1]1,[6*]C(=O)OCCC,CCCOC(=O)C(=O)N[C@@H](CS)C(=O)N[C@@H](Cc1ccccc1)C(N)=O,-0.08369999999999883,-0.14936930356438521,A $\rightarrow$ B
Cc1nc2ccc(Cl)cc2c(-n2ccc3c(O)cc(-c4cn[nH]c4)cc32)c1C,NC(=O)[C@H](Cc1ccccc1)NC(=O)[C@H](CS)NC(=O)c1cn[nH]c1,[*]c1[c;H1][n;H1][n;H0][c;H1]1,[6*]C(=O)NC#CC,CC#CNC(=O)C(=O)N[C@@H](CS)C(=O)N[C@@H](Cc1ccccc1)C(N)=O,-0.9398999999999984,-0.23608468294505605,A $\rightarrow$ B
Cc1nc2ccc(Cl)cc2c(-n2ccc3c(O)cc(-c4cn[nH]c4)cc32)c1C,NC(=O)[C@H](Cc1ccccc1)NC(=O)[C@H](CS)NC(=O)c1cn[nH]c1,[*]c1[c;H1][n;H1][n;H0][c;H1]1,[14*]c1ncns1,NC(=O)[C@H](Cc1ccccc1)NC(=O)[C@H](CS)NC(=O)c1ncns1,0.12839999999999985,0.060205138039943706,A $\rightarrow$ B
Cc1nc2ccc(Cl)cc2c(-n2ccc3c(O)cc(-c4cn[nH]c4)cc32)c1C,NC(=O)[C@H](Cc1ccccc1)NC(=O)[C@H](CS)NC(=O)c1cn[nH]c1,[*]c1[c;H1][n;H1][n;H0][c;H1]1,[3*]O[13CH3],[13CH3]OC(=O)N[C@@H](CS)C(=O)N[C@@H](Cc1ccccc1)C(N)=O,0.20290000000000002,0.0010302492080064285,A $\rightarrow$ B
Cc1nc2ccc(Cl)cc2c(-n2ccc3c(O)cc(-c4cn[nH]c4)cc32)c1C,NC(=O)[C@H](Cc1ccccc1)NC(=O)[C@H](CS)NC(=O)c1cn[nH]c1,[*]c1[c;H1][n;H1][n;H0][c;H1]1,[14*]c1ncsn1,NC(=O)[C@H](Cc1ccccc1)NC(=O)[C@H](CS)NC(=O)c1ncsn1,0.12839999999999985,0.060205138039943706,A $\rightarrow$ B
Cc1nc2ccc(Cl)cc2c(-n2ccc3c(O)cc(-c4cn[nH]c4)cc32)c1C,NC(=O)[C@H](Cc1ccccc1)NC(=O)[C@H](CS)NC(=O)c1cn[nH]c1,[*]c1[c;H1][n;H1][n;H0][c;H1]1,[14*]c1cnn[nH]1,NC(=O)[C@H](Cc1ccccc1)NC(=O)[C@H](CS)NC(=O)c1cnn[nH]1,-0.6049999999999993,-0.02684218703450797,A $\rightarrow$ B
Cc1nc2ccc(Cl)cc2c(-n2ccc3c(O)cc(-c4cn[nH]c4)cc32)c1C,NC(=O)[C@H](Cc1ccccc1)NC(=O)[C@H](CS)NC(=O)c1cn[nH]c1,[*]c1[c;H1][n;H1][n;H0][c;H1]1,[16*]c1ccccc1,NC(=O)[C@H](Cc1ccccc1)NC(=O)[C@H](CS)NC(=O)c1ccccc1,1.2769,0.10781625652649274,A $\rightarrow$ B
Cc1nc2ccc(Cl)cc2c(-n2ccc3c(O)cc(-c4cn[nH]c4)cc32)c1C,NC(=O)[C@H](Cc1ccccc1)NC(=O)[C@H](CS)NC(=O)c1cn[nH]c1,[*]c1[c;H1][n;H1][n;H0][c;H1]1,[6*]C(=O)NC1CCOC1,NC(=O)[C@H](Cc1ccccc1)NC(=O)[C@H](CS)NC(=O)C(=O)NC1CCOC1,-1.1317999999999966,-0.14784489293409525,A $\rightarrow$ B
Cc1nc2ccc(Cl)cc2c(-n2ccc3c(O)cc(-c4cn[nH]c4)cc32)c1C,NC(=O)[C@H](Cc1ccccc1)NC(=O)[C@H](CS)NC(=O)c1cn[nH]c1,[*]c1[c;H1][n;H1][n;H0][c;H1]1,[6*]C(=O)N1CCC(F)(F)CC1,NC(=O)[C@H](Cc1ccccc1)NC(=O)[C@H](CS)NC(=O)C(=O)N1CCC(F)(F)CC1,0.22080000000000072,-0.06426777930171124,A $\rightarrow$ B
Cc1nc2ccc(Cl)cc2c(-n2ccc3c(O)cc(-c4cn[nH]c4)cc32)c1C,NC(=O)[C@H](Cc1ccccc1)NC(=O)[C@H](CS)NC(=O)c1cn[nH]c1,[*]c1[c;H1][n;H1][n;H0][c;H1]1,[6*]C(=O)N1CCNCC1,NC(=O)[C@H](Cc1ccccc1)NC(=O)[C@H](CS)NC(=O)C(=O)N1CCNCC1,-1.6050999999999958,-0.14696191420052163,A $\rightarrow$ B
Cc1nc2ccc(Cl)cc2c(-n2ccc3c(O)cc(-c4cn[nH]c4)cc32)c1C,NC(=O)[C@H](Cc1ccccc1)NC(=O)[C@H](CS)NC(=O)c1cn[nH]c1,[*]c1[c;H1][n;H1][n;H0][c;H1]1,[8*]CN1CCCCC1,NC(=O)[C@H](Cc1ccccc1)NC(=O)[C@H](CS)NC(=O)CN1CCCCC1,0.44900000000000134,0.03602019589491351,A $\rightarrow$ B
Cc1nc2ccc(Cl)cc2c(-n2ccc3c(O)cc(-c4cn[nH]c4)cc32)c1C,NC(=O)[C@H](Cc1ccccc1)NC(=O)[C@H](CS)NC(=O)c1cn[nH]c1,[*]c1[c;H1][n;H1][n;H0][c;H1]1,[6*]C(=O)N1CC1,NC(=O)[C@H](Cc1ccccc1)NC(=O)[C@H](CS)NC(=O)C(=O)N1CC1,-1.194699999999998,-0.1454982685200772,A $\rightarrow$ B
Cc1nc2ccc(Cl)cc2c(-n2ccc3c(O)cc(-c4cn[nH]c4)cc32)c1C,NC(=O)[C@H](Cc1ccccc1)NC(=O)[C@H](CS)NC(=O)c1cn[nH]c1,[*]c1[c;H1][n;H1][n;H0][c;H1]1,[8*]CC#N,N#CCC(=O)N[C@@H](CS)C(=O)N[C@@H](Cc1ccccc1)C(N)=O,-0.12321999999999994,0.06798302184314703,A $\rightarrow$ B
Cc1nc2ccc(Cl)cc2c(-n2ccc3c(O)cc(-c4cn[nH]c4)cc32)c1C,NC(=O)[C@H](Cc1ccccc1)NC(=O)[C@H](CS)NC(=O)c1cn[nH]c1,[*]c1[c;H1][n;H1][n;H0][c;H1]1,[6*]C(=O)N1CCCNCC1,NC(=O)[C@H](Cc1ccccc1)NC(=O)[C@H](CS)NC(=O)C(=O)N1CCCNCC1,-1.214999999999996,-0.1433823414411709,A $\rightarrow$ B
Cc1nc2ccc(Cl)cc2c(-n2ccc3c(O)cc(-c4cn[nH]c4)cc32)c1C,NC(=O)[C@H](Cc1ccccc1)NC(=O)[C@H](CS)NC(=O)c1cn[nH]c1,[*]c1[c;H1][n;H1][n;H0][c;H1]1,[6*]C(=O)N1CCC(C)(C)CC1,CC1(C)CCN(C(=O)C(=O)N[C@@H](CS)C(=O)N[C@@H](Cc2ccccc2)C(N)=O)CC1,0.6117000000000012,-0.04819330856225018,A $\rightarrow$ B
Cc1nc2ccc(Cl)cc2c(-n2ccc3c(O)cc(-c4cn[nH]c4)cc32)c1C,NC(=O)[C@H](Cc1ccccc1)NC(=O)[C@H](CS)NC(=O)c1cn[nH]c1,[*]c1[c;H1][n;H1][n;H0][c;H1]1,[6*]C(=O)N(C)C1C2CC1C2,CN(C(=O)C(=O)N[C@@H](CS)C(=O)N[C@@H](Cc1ccccc1)C(N)=O)C1C2CC1C2,-0.1700999999999982,-0.07625340018521609,A $\rightarrow$ B
Cc1nc2ccc(Cl)cc2c(-n2ccc3c(O)cc(-c4cn[nH]c4)cc32)c1C,NC(=O)[C@H](Cc1ccccc1)NC(=O)[C@H](CS)NC(=O)c1cn[nH]c1,[*]c1[c;H1][n;H1][n;H0][c;H1]1,[8*]CN1CCC1,NC(=O)[C@H](Cc1ccccc1)NC(=O)[C@H](CS)NC(=O)CN1CCC1,-0.331199999999998,0.024384197966174803,A $\rightarrow$ B
Cc1nc2ccc(Cl)cc2c(-n2ccc3c(O)cc(-c4cn[nH]c4)cc32)c1C,NC(=O)[C@H](Cc1ccccc1)NC(=O)[C@H](CS)NC(=O)c1cn[nH]c1,[*]c1[c;H1][n;H1][n;H0][c;H1]1,[3*]OC(C)C,CC(C)OC(=O)N[C@@H](CS)C(=O)N[C@@H](Cc1ccccc1)C(N)=O,0.9814999999999998,0.10235930023216411,A $\rightarrow$ B
Cc1nc2ccc(Cl)cc2c(-n2ccc3c(O)cc(-c4cn[nH]c4)cc32)c1C,NC(=O)[C@H](Cc1ccccc1)NC(=O)[C@H](CS)NC(=O)c1cn[nH]c1,[*]c1[c;H1][n;H1][n;H0][c;H1]1,[6*]C(=O)OCC1CC1,NC(=O)[C@H](Cc1ccccc1)NC(=O)[C@H](CS)NC(=O)C(=O)OCC1CC1,-0.08369999999999883,-0.15438358064346813,A $\rightarrow$ B
Cc1nc2ccc(Cl)cc2c(-n2ccc3c(O)cc(-c4cn[nH]c4)cc32)c1C,NC(=O)[C@H](Cc1ccccc1)NC(=O)[C@H](CS)NC(=O)c1cn[nH]c1,[*]c1[c;H1][n;H1][n;H0][c;H1]1,[8*]CN1CCCCCC1,NC(=O)[C@H](Cc1ccccc1)NC(=O)[C@H](CS)NC(=O)CN1CCCCCC1,0.8391000000000011,0.0366244947593789,A $\rightarrow$ B
Cc1nc2ccc(Cl)cc2c(-n2ccc3c(O)cc(-c4cn[nH]c4)cc32)c1C,NC(=O)[C@H](Cc1ccccc1)NC(=O)[C@H](CS)NC(=O)c1cn[nH]c1,[*]c1[c;H1][n;H1][n;H0][c;H1]1,[6*]C(=O)CO,NC(=O)[C@H](Cc1ccccc1)NC(=O)[C@H](CS)NC(=O)C(=O)CO,-1.4754999999999983,-0.14883288233296216,A $\rightarrow$ B
Cc1nc2ccc(Cl)cc2c(-n2ccc3c(O)cc(-c4cn[nH]c4)cc32)c1C,NC(=O)[C@H](Cc1ccccc1)NC(=O)[C@H](CS)NC(=O)c1cn[nH]c1,[*]c1[c;H1][n;H1][n;H0][c;H1]1,[8*]CCN(C)C,CN(C)CCC(=O)N[C@@H](CS)C(=O)N[C@@H](Cc1ccccc1)C(N)=O,-0.085199999999998,0.01019994945756958,A $\rightarrow$ B
Cc1nc2ccc(Cl)cc2c(-n2ccc3c(O)cc(-c4cn[nH]c4)cc32)c1C,NC(=O)[C@H](Cc1ccccc1)NC(=O)[C@H](CS)NC(=O)c1cn[nH]c1,[*]c1[c;H1][n;H1][n;H0][c;H1]1,[6*]C(=O)NCC1CCCC1,NC(=O)[C@H](Cc1ccccc1)NC(=O)[C@H](CS)NC(=O)C(=O)NCC1CCCC1,0.269500000000002,-0.12899208905193243,A $\rightarrow$ B
Cc1nc2ccc(Cl)cc2c(-n2ccc3c(O)cc(-c4cn[nH]c4)cc32)c1C,NC(=O)[C@H](Cc1ccccc1)NC(=O)[C@H](CS)NC(=O)c1cn[nH]c1,[*]c1[c;H1][n;H1][n;H0][c;H1]1,[6*]C(=O)OCC(F)(F)F,NC(=O)[C@H](Cc1ccccc1)NC(=O)[C@H](CS)NC(=O)C(=O)OCC(F)(F)F,0.06860000000000016,-0.15063394122995055,A $\rightarrow$ B
Cc1nc2ccc(Cl)cc2c(-n2ccc3c(O)cc(-c4cn[nH]c4)cc32)c1C,NC(=O)[C@H](Cc1ccccc1)NC(=O)[C@H](CS)NC(=O)c1cn[nH]c1,[*]c1[c;H1][n;H1][n;H0][c;H1]1,[8*]C(C)(C)OC,COC(C)(C)C(=O)N[C@@H](CS)C(=O)N[C@@H](Cc1ccccc1)C(N)=O,0.3881000000000003,0.05040982399212074,A $\rightarrow$ B
Cc1nc2ccc(Cl)cc2c(-n2ccc3c(O)cc(-c4cn[nH]c4)cc32)c1C,NC(=O)[C@H](Cc1ccccc1)NC(=O)[C@H](CS)NC(=O)c1cn[nH]c1,[*]c1[c;H1][n;H1][n;H0][c;H1]1,[6*]C(=O)C1CCCO1,NC(=O)[C@H](Cc1ccccc1)NC(=O)[C@H](CS)NC(=O)C(=O)C1CCCO1,-0.2887999999999982,-0.08362883626499268,A $\rightarrow$ B
Cc1nc2ccc(Cl)cc2c(-n2ccc3c(O)cc(-c4cn[nH]c4)cc32)c1C,NC(=O)[C@H](Cc1ccccc1)NC(=O)[C@H](CS)NC(=O)c1cn[nH]c1,[*]c1[c;H1][n;H1][n;H0][c;H1]1,[6*]C(=O)N1CCCC(F)C1,NC(=O)[C@H](Cc1ccccc1)NC(=O)[C@H](CS)NC(=O)C(=O)N1CCCC(F)C1,-0.07639999999999897,-0.06083747792915534,A $\rightarrow$ B
Cc1nc2ccc(Cl)cc2c(-n2ccc3c(O)cc(-c4cn[nH]c4)cc32)c1C,NC(=O)[C@H](Cc1ccccc1)NC(=O)[C@H](CS)NC(=O)c1cn[nH]c1,[*]c1[c;H1][n;H1][n;H0][c;H1]1,[3*]OC(F)(F)Cl,NC(=O)[C@H](Cc1ccccc1)NC(=O)[C@H](CS)NC(=O)OC(F)(F)Cl,1.3621999999999999,-0.022800484659230014,A $\rightarrow$ B
Cc1nc2ccc(Cl)cc2c(-n2ccc3c(O)cc(-c4cn[nH]c4)cc32)c1C,NC(=O)[C@H](Cc1ccccc1)NC(=O)[C@H](CS)NC(=O)c1cn[nH]c1,[*]c1[c;H1][n;H1][n;H0][c;H1]1,[5*]NS(C)(=O)=O,CS(=O)(=O)NC(=O)N[C@@H](CS)C(=O)N[C@@H](Cc1ccccc1)C(N)=O,-0.8942999999999981,-0.05818847920210629,A $\rightarrow$ B
Cc1nc2ccc(Cl)cc2c(-n2ccc3c(O)cc(-c4cn[nH]c4)cc32)c1C,NC(=O)[C@H](Cc1ccccc1)NC(=O)[C@H](CS)NC(=O)c1cn[nH]c1,[*]c1[c;H1][n;H1][n;H0][c;H1]1,[6*]C(=O)NCC1CCCO1,NC(=O)[C@H](Cc1ccccc1)NC(=O)[C@H](CS)NC(=O)C(=O)NCC1CCCO1,-0.741699999999996,-0.15734956051798266,A $\rightarrow$ B
Cc1nc2ccc(Cl)cc2c(-n2ccc3c(O)cc(-c4cn[nH]c4)cc32)c1C,NC(=O)[C@H](Cc1ccccc1)NC(=O)[C@H](CS)NC(=O)c1cn[nH]c1,[*]c1[c;H1][n;H1][n;H0][c;H1]1,[8*]C(C)OC,COC(C)C(=O)N[C@@H](CS)C(=O)N[C@@H](Cc1ccccc1)C(N)=O,-0.001999999999999169,0.04331656729830097,A $\rightarrow$ B
Cc1nc2ccc(Cl)cc2c(-n2ccc3c(O)cc(-c4cn[nH]c4)cc32)c1C,NC(=O)[C@H](Cc1ccccc1)NC(=O)[C@H](CS)NC(=O)c1cn[nH]c1,[*]c1[c;H1][n;H1][n;H0][c;H1]1,[8*]COCC(F)F,NC(=O)[C@H](Cc1ccccc1)NC(=O)[C@H](CS)NC(=O)COCC(F)F,0.24479999999999985,-0.015384566508275965,A $\rightarrow$ B
Cc1nc2ccc(Cl)cc2c(-n2ccc3c(O)cc(-c4cn[nH]c4)cc32)c1C,NC(=O)[C@H](Cc1ccccc1)NC(=O)[C@H](CS)NC(=O)c1cn[nH]c1,[*]c1[c;H1][n;H1][n;H0][c;H1]1,[6*]C(=O)N1CCC[C@@H](C)C1,C[C@@H]1CCCN(C(=O)C(=O)N[C@@H](CS)C(=O)N[C@@H](Cc2ccccc2)C(N)=O)C1,0.22160000000000152,-0.048838328963943245,A $\rightarrow$ B
Cc1nc2ccc(Cl)cc2c(-n2ccc3c(O)cc(-c4cn[nH]c4)cc32)c1C,NC(=O)[C@H](Cc1ccccc1)NC(=O)[C@H](CS)NC(=O)c1cn[nH]c1,[*]c1[c;H1][n;H1][n;H0][c;H1]1,[14*]c1c(C)nnn1C,Cc1nnn(C)c1C(=O)N[C@@H](CS)C(=O)N[C@@H](Cc1ccccc1)C(N)=O,-0.2861799999999988,0.03400014203167129,A $\rightarrow$ B
Cc1nc2ccc(Cl)cc2c(-n2ccc3c(O)cc(-c4cn[nH]c4)cc32)c1C,NC(=O)[C@H](Cc1ccccc1)NC(=O)[C@H](CS)NC(=O)c1cn[nH]c1,[*]c1[c;H1][n;H1][n;H0][c;H1]1,[6*]C(=O)N1CCS(=O)(=O)C1,NC(=O)[C@H](Cc1ccccc1)NC(=O)[C@H](CS)NC(=O)C(=O)N1CCS(=O)(=O)C1,-1.8223999999999962,-0.13338030490763558,A $\rightarrow$ B
Cc1nc2ccc(Cl)cc2c(-n2ccc3c(O)cc(-c4cn[nH]c4)cc32)c1C,NC(=O)[C@H](Cc1ccccc1)NC(=O)[C@H](CS)NC(=O)c1cn[nH]c1,[*]c1[c;H1][n;H1][n;H0][c;H1]1,[9*]n1nccc1F,NC(=O)[C@H](Cc1ccccc1)NC(=O)[C@H](CS)NC(=O)n1nccc1F,0.44039999999999996,0.09841534807931451,A $\rightarrow$ B
Cc1nc2ccc(Cl)cc2c(-n2ccc3c(O)cc(-c4cn[nH]c4)cc32)c1C,NC(=O)[C@H](Cc1ccccc1)NC(=O)[C@H](CS)NC(=O)c1cn[nH]c1,[*]c1[c;H1][n;H1][n;H0][c;H1]1,[3*]OC(C)F,CC(F)OC(=O)N[C@@H](CS)C(=O)N[C@@H](Cc1ccccc1)C(N)=O,0.8885999999999998,0.0974988712832926,A $\rightarrow$ B
Cc1nc2ccc(Cl)cc2c(-n2ccc3c(O)cc(-c4cn[nH]c4)cc32)c1C,NC(=O)[C@H](Cc1ccccc1)NC(=O)[C@H](CS)NC(=O)c1cn[nH]c1,[*]c1[c;H1][n;H1][n;H0][c;H1]1,[6*]C(=O)NC(=O)C(C)C,CC(C)C(=O)NC(=O)C(=O)N[C@@H](CS)C(=O)N[C@@H](Cc1ccccc1)C(N)=O,-0.738099999999998,-0.13754485602655792,A $\rightarrow$ B
Cc1nc2ccc(Cl)cc2c(-n2ccc3c(O)cc(-c4cn[nH]c4)cc32)c1C,NC(=O)[C@H](Cc1ccccc1)NC(=O)[C@H](CS)NC(=O)c1cn[nH]c1,[*]c1[c;H1][n;H1][n;H0][c;H1]1,[6*]C(=O)N(C)C1CCCCC1,CN(C(=O)C(=O)N[C@@H](CS)C(=O)N[C@@H](Cc1ccccc1)C(N)=O)C1CCCCC1,0.7542000000000009,-0.06192129042336314,A $\rightarrow$ B
Cc1nc2ccc(Cl)cc2c(-n2ccc3c(O)cc(-c4cn[nH]c4)cc32)c1C,NC(=O)[C@H](Cc1ccccc1)NC(=O)[C@H](CS)NC(=O)c1cn[nH]c1,[*]c1[c;H1][n;H1][n;H0][c;H1]1,[8*]CN1CCOC(C)C1,CC1CN(CC(=O)N[C@@H](CS)C(=O)N[C@@H](Cc2ccccc2)C(N)=O)CCO1,-0.3161999999999981,-0.006411915530190937,A $\rightarrow$ B
Cc1nc2ccc(Cl)cc2c(-n2ccc3c(O)cc(-c4cn[nH]c4)cc32)c1C,NC(=O)[C@H](Cc1ccccc1)NC(=O)[C@H](CS)NC(=O)c1cn[nH]c1,[*]c1[c;H1][n;H1][n;H0][c;H1]1,[8*]C(OC)OC,COC(OC)C(=O)N[C@@H](CS)C(=O)N[C@@H](Cc1ccccc1)C(N)=O,-0.417999999999998,-0.09249394233606784,A $\rightarrow$ B
Cc1nc2ccc(Cl)cc2c(-n2ccc3c(O)cc(-c4cn[nH]c4)cc32)c1C,NC(=O)[C@H](Cc1ccccc1)NC(=O)[C@H](CS)NC(=O)c1cn[nH]c1,[*]c1[c;H1][n;H1][n;H0][c;H1]1,[6*]C(=O)N1CCCC1=O,NC(=O)[C@H](Cc1ccccc1)NC(=O)[C@H](CS)NC(=O)C(=O)N1CCCC1=O,-0.8878999999999986,-0.07999433678686635,A $\rightarrow$ B
Cc1nc2ccc(Cl)cc2c(-n2ccc3c(O)cc(-c4cn[nH]c4)cc32)c1C,NC(=O)[C@H](Cc1ccccc1)NC(=O)[C@H](CS)NC(=O)c1cn[nH]c1,[*]c1[c;H1][n;H1][n;H0][c;H1]1,[6*]C(=O)N(C)CCN,CN(CCN)C(=O)C(=O)N[C@@H](CS)C(=O)N[C@@H](Cc1ccccc1)C(N)=O,-1.619799999999996,-0.16846531889826905,A $\rightarrow$ B
Cc1nc2ccc(Cl)cc2c(-n2ccc3c(O)cc(-c4cn[nH]c4)cc32)c1C,NC(=O)[C@H](Cc1ccccc1)NC(=O)[C@H](CS)NC(=O)c1cn[nH]c1,[*]c1[c;H1][n;H1][n;H0][c;H1]1,[8*]CN1CCO[C@H](C)C1,C[C@@H]1CN(CC(=O)N[C@@H](CS)C(=O)N[C@@H](Cc2ccccc2)C(N)=O)CCO1,-0.3161999999999981,-0.006411915530190937,A $\rightarrow$ B
Cc1nc2ccc(Cl)cc2c(-n2ccc3c(O)cc(-c4cn[nH]c4)cc32)c1C,NC(=O)[C@H](Cc1ccccc1)NC(=O)[C@H](CS)NC(=O)c1cn[nH]c1,[*]c1[c;H1][n;H1][n;H0][c;H1]1,[6*]C(=O)N(C)CC1CCOCC1,CN(CC1CCOCC1)C(=O)C(=O)N[C@@H](CS)C(=O)N[C@@H](Cc1ccccc1)C(N)=O,-0.15189999999999776,-0.1138921009134441,A $\rightarrow$ B
Cc1nc2ccc(Cl)cc2c(-n2ccc3c(O)cc(-c4cn[nH]c4)cc32)c1C,NC(=O)[C@H](Cc1ccccc1)NC(=O)[C@H](CS)NC(=O)c1cn[nH]c1,[*]c1[c;H1][n;H1][n;H0][c;H1]1,[9*]n1cnccc1=O,NC(=O)[C@H](Cc1ccccc1)NC(=O)[C@H](CS)NC(=O)n1cnccc1=O,-0.33849999999999963,0.053455075296135135,A $\rightarrow$ B
Cc1nc2ccc(Cl)cc2c(-n2ccc3c(O)cc(-c4cn[nH]c4)cc32)c1C,NC(=O)[C@H](Cc1ccccc1)NC(=O)[C@H](CS)NC(=O)c1cn[nH]c1,[*]c1[c;H1][n;H1][n;H0][c;H1]1,[6*]C(=O)N1CC2CC(C1)O2,NC(=O)[C@H](Cc1ccccc1)NC(=O)[C@H](CS)NC(=O)C(=O)N1CC2CC(C1)O2,-1.0371999999999968,-0.09267046405703966,A $\rightarrow$ B
Cc1nc2ccc(Cl)cc2c(-n2ccc3c(O)cc(-c4cn[nH]c4)cc32)c1C,NC(=O)[C@H](Cc1ccccc1)NC(=O)[C@H](CS)NC(=O)c1cn[nH]c1,[*]c1[c;H1][n;H1][n;H0][c;H1]1,[15*]C1CCCC1,NC(=O)[C@H](Cc1ccccc1)NC(=O)[C@H](CS)NC(=O)C1CCCC1,1.1532999999999995,0.10256155544444734,A $\rightarrow$ B
Cc1nc2ccc(Cl)cc2c(-n2ccc3c(O)cc(-c4cn[nH]c4)cc32)c1C,NC(=O)[C@H](Cc1ccccc1)NC(=O)[C@H](CS)NC(=O)c1cn[nH]c1,[*]c1[c;H1][n;H1][n;H0][c;H1]1,[6*]C(=O)N1CC2(C1)OCCO2,NC(=O)[C@H](Cc1ccccc1)NC(=O)[C@H](CS)NC(=O)C(=O)N1CC2(C1)OCCO2,-1.451599999999995,-0.11777227190910494,A $\rightarrow$ B
Cc1nc2ccc(Cl)cc2c(-n2ccc3c(O)cc(-c4cn[nH]c4)cc32)c1C,NC(=O)[C@H](Cc1ccccc1)NC(=O)[C@H](CS)NC(=O)c1cn[nH]c1,[*]c1[c;H1][n;H1][n;H0][c;H1]1,[6*]C(=O)N(C)CC(=O)O,CN(CC(=O)O)C(=O)C(=O)N[C@@H](CS)C(=O)N[C@@H](Cc1ccccc1)C(N)=O,-1.4938999999999953,-0.17395032982648376,A $\rightarrow$ B
Cc1nc2ccc(Cl)cc2c(-n2ccc3c(O)cc(-c4cn[nH]c4)cc32)c1C,NC(=O)[C@H](Cc1ccccc1)NC(=O)[C@H](CS)NC(=O)c1cn[nH]c1,[*]c1[c;H1][n;H1][n;H0][c;H1]1,[6*]C(=O)N1CCN(OC)CC1,CON1CCN(C(=O)C(=O)N[C@@H](CS)C(=O)N[C@@H](Cc2ccccc2)C(N)=O)CC1,-1.3312999999999948,-0.12793971123498615,A $\rightarrow$ B
Cc1nc2ccc(Cl)cc2c(-n2ccc3c(O)cc(-c4cn[nH]c4)cc32)c1C,NC(=O)[C@H](Cc1ccccc1)NC(=O)[C@H](CS)NC(=O)c1cn[nH]c1,[*]c1[c;H1][n;H1][n;H0][c;H1]1,[6*]C(=O)c1ccccc1,NC(=O)[C@H](Cc1ccccc1)NC(=O)[C@H](CS)NC(=O)C(=O)c1ccccc1,0.8460000000000008,-0.13262408454688807,A $\rightarrow$ B
Cc1nc2ccc(Cl)cc2c(-n2ccc3c(O)cc(-c4cn[nH]c4)cc32)c1C,NC(=O)[C@H](Cc1ccccc1)NC(=O)[C@H](CS)NC(=O)c1cn[nH]c1,[*]c1[c;H1][n;H1][n;H0][c;H1]1,[6*]C(=O)N1CC2(CCC2)C1,NC(=O)[C@H](Cc1ccccc1)NC(=O)[C@H](CS)NC(=O)C(=O)N1CC2(CCC2)C1,-0.02439999999999848,-0.05509830417032269,A $\rightarrow$ B
Cc1nc2ccc(Cl)cc2c(-n2ccc3c(O)cc(-c4cn[nH]c4)cc32)c1C,NC(=O)[C@H](Cc1ccccc1)NC(=O)[C@H](CS)NC(=O)c1cn[nH]c1,[*]c1[c;H1][n;H1][n;H0][c;H1]1,[8*]C(F)S(C)(=O)=O,CS(=O)(=O)C(F)C(=O)N[C@@H](CS)C(=O)N[C@@H](Cc1ccccc1)C(N)=O,-0.6966999999999981,-0.022419601503187614,A $\rightarrow$ B
Cc1nc2ccc(Cl)cc2c(-n2ccc3c(O)cc(-c4cn[nH]c4)cc32)c1C,NC(=O)[C@H](Cc1ccccc1)NC(=O)[C@H](CS)NC(=O)c1cn[nH]c1,[*]c1[c;H1][n;H1][n;H0][c;H1]1,[6*]C(=O)NC1CC(=O)C1,NC(=O)[C@H](Cc1ccccc1)NC(=O)[C@H](CS)NC(=O)C(=O)NC1CC(=O)C1,-1.1891999999999976,-0.14927344432905687,A $\rightarrow$ B
Cc1nc2ccc(Cl)cc2c(-n2ccc3c(O)cc(-c4cn[nH]c4)cc32)c1C,NC(=O)[C@H](Cc1ccccc1)NC(=O)[C@H](CS)NC(=O)c1cn[nH]c1,[*]c1[c;H1][n;H1][n;H0][c;H1]1,[8*]CN1CCCN(C)CC1,CN1CCCN(CC(=O)N[C@@H](CS)C(=O)N[C@@H](Cc2ccccc2)C(N)=O)CC1,-0.39939999999999604,-0.01879538677371928,A $\rightarrow$ B
Cc1nc2ccc(Cl)cc2c(-n2ccc3c(O)cc(-c4cn[nH]c4)cc32)c1C,NC(=O)[C@H](Cc1ccccc1)NC(=O)[C@H](CS)NC(=O)c1cn[nH]c1,[*]c1[c;H1][n;H1][n;H0][c;H1]1,[8*]CN1CCCOC1,NC(=O)[C@H](Cc1ccccc1)NC(=O)[C@H](CS)NC(=O)CN1CCCOC1,-0.3570999999999985,0.002047904023412983,A $\rightarrow$ B
Cc1nc2ccc(Cl)cc2c(-n2ccc3c(O)cc(-c4cn[nH]c4)cc32)c1C,NC(=O)[C@H](Cc1ccccc1)NC(=O)[C@H](CS)NC(=O)c1cn[nH]c1,[*]c1[c;H1][n;H1][n;H0][c;H1]1,[8*]Cc1cccnc1,NC(=O)[C@H](Cc1ccccc1)NC(=O)[C@H](CS)NC(=O)Cc1cccnc1,0.6008000000000002,0.0511959706625173,A $\rightarrow$ B
Cc1nc2ccc(Cl)cc2c(-n2ccc3c(O)cc(-c4cn[nH]c4)cc32)c1C,NC(=O)[C@H](Cc1ccccc1)NC(=O)[C@H](CS)NC(=O)c1cn[nH]c1,[*]c1[c;H1][n;H1][n;H0][c;H1]1,[6*]C(=O)OCC1COCO1,NC(=O)[C@H](Cc1ccccc1)NC(=O)[C@H](CS)NC(=O)C(=O)OCC1COCO1,-1.1207999999999965,-0.19688181453958986,A $\rightarrow$ B
Cc1nc2ccc(Cl)cc2c(-n2ccc3c(O)cc(-c4cn[nH]c4)cc32)c1C,NC(=O)[C@H](Cc1ccccc1)NC(=O)[C@H](CS)NC(=O)c1cn[nH]c1,[*]c1[c;H1][n;H1][n;H0][c;H1]1,[6*]C(=O)NC[C@H]1CCOC1,NC(=O)[C@H](Cc1ccccc1)NC(=O)[C@H](CS)NC(=O)C(=O)NC[C@H]1CCOC1,-0.8841999999999959,-0.16112266102080502,A $\rightarrow$ B
Cc1nc2ccc(Cl)cc2c(-n2ccc3c(O)cc(-c4cn[nH]c4)cc32)c1C,NC(=O)[C@H](Cc1ccccc1)NC(=O)[C@H](CS)NC(=O)c1cn[nH]c1,[*]c1[c;H1][n;H1][n;H0][c;H1]1,[6*]C(=O)NC1CCC(F)(F)C1,NC(=O)[C@H](Cc1ccccc1)NC(=O)[C@H](CS)NC(=O)C(=O)NC1CCC(F)(F)C1,0.2671000000000005,-0.12678706556895242,A $\rightarrow$ B
Cc1nc2ccc(Cl)cc2c(-n2ccc3c(O)cc(-c4cn[nH]c4)cc32)c1C,NC(=O)[C@H](Cc1ccccc1)NC(=O)[C@H](CS)NC(=O)c1cn[nH]c1,[*]c1[c;H1][n;H1][n;H0][c;H1]1,[8*]CCCCO,NC(=O)[C@H](Cc1ccccc1)NC(=O)[C@H](CS)NC(=O)CCCCO,0.12570000000000037,-0.13743655408171462,A $\rightarrow$ B
Cc1nc2ccc(Cl)cc2c(-n2ccc3c(O)cc(-c4cn[nH]c4)cc32)c1C,NC(=O)[C@H](Cc1ccccc1)NC(=O)[C@H](CS)NC(=O)c1cn[nH]c1,[*]c1[c;H1][n;H1][n;H0][c;H1]1,[6*]C(=O)N1CC2CCC(CC2)C1,NC(=O)[C@H](Cc1ccccc1)NC(=O)[C@H](CS)NC(=O)C(=O)N1CC2CCC(CC2)C1,0.6117000000000012,-0.05690088267332288,A $\rightarrow$ B
Cc1nc2ccc(Cl)cc2c(-n2ccc3c(O)cc(-c4cn[nH]c4)cc32)c1C,NC(=O)[C@H](Cc1ccccc1)NC(=O)[C@H](CS)NC(=O)c1cn[nH]c1,[*]c1[c;H1][n;H1][n;H0][c;H1]1,[6*]C(=O)N1CCSC1C,CC1SCCN1C(=O)C(=O)N[C@@H](CS)C(=O)N[C@@H](Cc1ccccc1)C(N)=O,-0.11549999999999822,-0.06302515447359125,A $\rightarrow$ B
Cc1nc2ccc(Cl)cc2c(-n2ccc3c(O)cc(-c4cn[nH]c4)cc32)c1C,NC(=O)[C@H](Cc1ccccc1)NC(=O)[C@H](CS)NC(=O)c1cn[nH]c1,[*]c1[c;H1][n;H1][n;H0][c;H1]1,[6*]C(=O)N1CC[C@@H](O)C1,NC(=O)[C@H](Cc1ccccc1)NC(=O)[C@H](CS)NC(=O)C(=O)N1CC[C@@H](O)C1,-1.4436999999999964,-0.14397094996086252,A $\rightarrow$ B
Cc1nc2ccc(Cl)cc2c(-n2ccc3c(O)cc(-c4cn[nH]c4)cc32)c1C,NC(=O)[C@H](Cc1ccccc1)NC(=O)[C@H](CS)NC(=O)c1cn[nH]c1,[*]c1[c;H1][n;H1][n;H0][c;H1]1,[6*]C(=O)N(C)OCC,CCON(C)C(=O)C(=O)N[C@@H](CS)C(=O)N[C@@H](Cc1ccccc1)C(N)=O,-0.6269999999999978,-0.16929832659295302,A $\rightarrow$ B
Cc1nc2ccc(Cl)cc2c(-n2ccc3c(O)cc(-c4cn[nH]c4)cc32)c1C,NC(=O)[C@H](Cc1ccccc1)NC(=O)[C@H](CS)NC(=O)c1cn[nH]c1,[*]c1[c;H1][n;H1][n;H0][c;H1]1,[10*]N1CCOCCC1=O,NC(=O)[C@H](Cc1ccccc1)NC(=O)[C@H](CS)NC(=O)N1CCOCCC1=O,-0.1945999999999995,0.03860460631704732,A $\rightarrow$ B
Cc1nc2ccc(Cl)cc2c(-n2ccc3c(O)cc(-c4cn[nH]c4)cc32)c1C,NC(=O)[C@H](Cc1ccccc1)NC(=O)[C@H](CS)NC(=O)c1cn[nH]c1,[*]c1[c;H1][n;H1][n;H0][c;H1]1,[6*]C(=O)N[C@H]1CCN(C)C1,CN1CC[C@H](NC(=O)C(=O)N[C@@H](CS)C(=O)N[C@@H](Cc2ccccc2)C(N)=O)C1,-1.216599999999996,-0.1559176491780137,A $\rightarrow$ B
Cc1nc2ccc(Cl)cc2c(-n2ccc3c(O)cc(-c4cn[nH]c4)cc32)c1C,NC(=O)[C@H](Cc1ccccc1)NC(=O)[C@H](CS)NC(=O)c1cn[nH]c1,[*]c1[c;H1][n;H1][n;H0][c;H1]1,[6*]C(=O)N1CC(SC)C1,CSC1CN(C(=O)C(=O)N[C@@H](CS)C(=O)N[C@@H](Cc2ccccc2)C(N)=O)C1,-0.4630999999999979,-0.09031191940762484,A $\rightarrow$ B
Cc1nc2ccc(Cl)cc2c(-n2ccc3c(O)cc(-c4cn[nH]c4)cc32)c1C,NC(=O)[C@H](Cc1ccccc1)NC(=O)[C@H](CS)NC(=O)c1cn[nH]c1,[*]c1[c;H1][n;H1][n;H0][c;H1]1,[6*]C(=O)NC1CC2CCC1C2,NC(=O)[C@H](Cc1ccccc1)NC(=O)[C@H](CS)NC(=O)C(=O)NC1CC2CCC1C2,0.2679000000000013,-0.12102853110322709,A $\rightarrow$ B
Cc1nc2ccc(Cl)cc2c(-n2ccc3c(O)cc(-c4cn[nH]c4)cc32)c1C,NC(=O)[C@H](Cc1ccccc1)NC(=O)[C@H](CS)NC(=O)c1cn[nH]c1,[*]c1[c;H1][n;H1][n;H0][c;H1]1,[6*]C(=O)N1CCSC1(C)C,CC1(C)SCCN1C(=O)C(=O)N[C@@H](CS)C(=O)N[C@@H](Cc1ccccc1)C(N)=O,0.27460000000000123,-0.06087082721614462,A $\rightarrow$ B
Cc1nc2ccc(Cl)cc2c(-n2ccc3c(O)cc(-c4cn[nH]c4)cc32)c1C,NC(=O)[C@H](Cc1ccccc1)NC(=O)[C@H](CS)NC(=O)c1cn[nH]c1,[*]c1[c;H1][n;H1][n;H0][c;H1]1,[6*]C(=O)NCC(=O)N1CCCC1,NC(=O)[C@H](Cc1ccccc1)NC(=O)[C@H](CS)NC(=O)C(=O)NCC(=O)N1CCCC1,-1.2982999999999945,-0.18536031090924587,A $\rightarrow$ B
Cc1nc2ccc(Cl)cc2c(-n2ccc3c(O)cc(-c4cn[nH]c4)cc32)c1C,NC(=O)[C@H](Cc1ccccc1)NC(=O)[C@H](CS)NC(=O)c1cn[nH]c1,[*]c1[c;H1][n;H1][n;H0][c;H1]1,[6*]C(=O)NCC1CCN(C)C1,CN1CCC(CNC(=O)C(=O)N[C@@H](CS)C(=O)N[C@@H](Cc2ccccc2)C(N)=O)C1,-0.9689999999999952,-0.1690885326729711,A $\rightarrow$ B
Cc1nc2ccc(Cl)cc2c(-n2ccc3c(O)cc(-c4cn[nH]c4)cc32)c1C,NC(=O)[C@H](Cc1ccccc1)NC(=O)[C@H](CS)NC(=O)c1cn[nH]c1,[*]c1[c;H1][n;H1][n;H0][c;H1]1,[6*]C(=O)NC1CCOC1=O,NC(=O)[C@H](Cc1ccccc1)NC(=O)[C@H](CS)NC(=O)C(=O)NC1CCOC1=O,-1.6051999999999955,-0.22538132869552932,A $\rightarrow$ B
Cc1nc2ccc(Cl)cc2c(-n2ccc3c(O)cc(-c4cn[nH]c4)cc32)c1C,NC(=O)[C@H](Cc1ccccc1)NC(=O)[C@H](CS)NC(=O)c1cn[nH]c1,[*]c1[c;H1][n;H1][n;H0][c;H1]1,[6*]C(=O)N1CC(CO)C1,NC(=O)[C@H](Cc1ccccc1)NC(=O)[C@H](CS)NC(=O)C(=O)N1CC(CO)C1,-1.5861999999999963,-0.16005112243108088,A $\rightarrow$ B
Cc1nc2ccc(Cl)cc2c(-n2ccc3c(O)cc(-c4cn[nH]c4)cc32)c1C,NC(=O)[C@H](Cc1ccccc1)NC(=O)[C@H](CS)NC(=O)c1cn[nH]c1,[*]c1[c;H1][n;H1][n;H0][c;H1]1,[6*]C(=O)NCCC(C)(C)C,CC(C)(C)CCNC(=O)C(=O)N[C@@H](CS)C(=O)N[C@@H](Cc1ccccc1)C(N)=O,0.5155000000000021,-0.12477999632753217,A $\rightarrow$ B
Cc1nc2ccc(Cl)cc2c(-n2ccc3c(O)cc(-c4cn[nH]c4)cc32)c1C,NC(=O)[C@H](Cc1ccccc1)NC(=O)[C@H](CS)NC(=O)c1cn[nH]c1,[*]c1[c;H1][n;H1][n;H0][c;H1]1,[8*]CN(CC)CC,CCN(CC)CC(=O)N[C@@H](CS)C(=O)N[C@@H](Cc1ccccc1)C(N)=O,0.30490000000000167,-0.007196483541225762,A $\rightarrow$ B
Cc1nc2ccc(Cl)cc2c(-n2ccc3c(O)cc(-c4cn[nH]c4)cc32)c1C,NC(=O)[C@H](Cc1ccccc1)NC(=O)[C@H](CS)NC(=O)c1cn[nH]c1,[*]c1[c;H1][n;H1][n;H0][c;H1]1,[10*]N1CCOCC1=O,NC(=O)[C@H](Cc1ccccc1)NC(=O)[C@H](CS)NC(=O)N1CCOCC1=O,-0.5846999999999991,0.03230918764242324,A $\rightarrow$ B
Cc1nc2ccc(Cl)cc2c(-n2ccc3c(O)cc(-c4cn[nH]c4)cc32)c1C,NC(=O)[C@H](Cc1ccccc1)NC(=O)[C@H](CS)NC(=O)c1cn[nH]c1,[*]c1[c;H1][n;H1][n;H0][c;H1]1,[5*]N1CCNCC1,NC(=O)[C@H](Cc1ccccc1)NC(=O)[C@H](CS)NC(=O)N1CCNCC1,-0.5382999999999984,-0.016136737788319866,A $\rightarrow$ B
Cc1nc2ccc(Cl)cc2c(-n2ccc3c(O)cc(-c4cn[nH]c4)cc32)c1C,NC(=O)[C@H](Cc1ccccc1)NC(=O)[C@H](CS)NC(=O)c1cn[nH]c1,[*]c1[c;H1][n;H1][n;H0][c;H1]1,[3*]OCC(F)F,NC(=O)[C@H](Cc1ccccc1)NC(=O)[C@H](CS)NC(=O)OCC(F)F,0.8381999999999998,0.05939954442420342,A $\rightarrow$ B
Cc1nc2ccc(Cl)cc2c(-n2ccc3c(O)cc(-c4cn[nH]c4)cc32)c1C,NC(=O)[C@H](Cc1ccccc1)NC(=O)[C@H](CS)NC(=O)c1cn[nH]c1,[*]c1[c;H1][n;H1][n;H0][c;H1]1,[6*]C(=O)N1CC2CC1CO2,NC(=O)[C@H](Cc1ccccc1)NC(=O)[C@H](CS)NC(=O)C(=O)N1CC2CC1CO2,-1.0371999999999968,-0.09267046405703966,A $\rightarrow$ B
Cc1nc2ccc(Cl)cc2c(-n2ccc3c(O)cc(-c4cn[nH]c4)cc32)c1C,NC(=O)[C@H](Cc1ccccc1)NC(=O)[C@H](CS)NC(=O)c1cn[nH]c1,[*]c1[c;H1][n;H1][n;H0][c;H1]1,[8*]CC(C)OC,COC(C)CC(=O)N[C@@H](CS)C(=O)N[C@@H](Cc1ccccc1)C(N)=O,0.3881000000000003,0.026151329028092418,A $\rightarrow$ B
Cc1nc2ccc(Cl)cc2c(-n2ccc3c(O)cc(-c4cn[nH]c4)cc32)c1C,NC(=O)[C@H](Cc1ccccc1)NC(=O)[C@H](CS)NC(=O)c1cn[nH]c1,[*]c1[c;H1][n;H1][n;H0][c;H1]1,[6*]C(=O)N(C)CCCO,CN(CCCO)C(=O)C(=O)N[C@@H](CS)C(=O)N[C@@H](Cc1ccccc1)C(N)=O,-1.1960999999999966,-0.17686470660974143,A $\rightarrow$ B
Cc1nc2ccc(Cl)cc2c(-n2ccc3c(O)cc(-c4cn[nH]c4)cc32)c1C,NC(=O)[C@H](Cc1ccccc1)NC(=O)[C@H](CS)NC(=O)c1cn[nH]c1,[*]c1[c;H1][n;H1][n;H0][c;H1]1,[5*]N1CCCCCC1,NC(=O)[C@H](Cc1ccccc1)NC(=O)[C@H](CS)NC(=O)N1CCCCCC1,1.4324999999999994,0.11057549158832825,A $\rightarrow$ B
Cc1nc2ccc(Cl)cc2c(-n2ccc3c(O)cc(-c4cn[nH]c4)cc32)c1C,NC(=O)[C@H](Cc1ccccc1)NC(=O)[C@H](CS)NC(=O)c1cn[nH]c1,[*]c1[c;H1][n;H1][n;H0][c;H1]1,[14*]c1ncnc(C)n1,Cc1ncnc(C(=O)N[C@@H](CS)C(=O)N[C@@H](Cc2ccccc2)C(N)=O)n1,-0.22967999999999927,0.0347305221310763,A $\rightarrow$ B
Cc1nc2ccc(Cl)cc2c(-n2ccc3c(O)cc(-c4cn[nH]c4)cc32)c1C,NC(=O)[C@H](Cc1ccccc1)NC(=O)[C@H](CS)NC(=O)c1cn[nH]c1,[*]c1[c;H1][n;H1][n;H0][c;H1]1,[8*]CN1CCOCC1C,CC1COCCN1CC(=O)N[C@@H](CS)C(=O)N[C@@H](Cc1ccccc1)C(N)=O,-0.3161999999999972,-0.006411915530190937,A $\rightarrow$ B
Cc1nc2ccc(Cl)cc2c(-n2ccc3c(O)cc(-c4cn[nH]c4)cc32)c1C,NC(=O)[C@H](Cc1ccccc1)NC(=O)[C@H](CS)NC(=O)c1cn[nH]c1,[*]c1[c;H1][n;H1][n;H0][c;H1]1,[8*]CNC1CC1,NC(=O)[C@H](Cc1ccccc1)NC(=O)[C@H](CS)NC(=O)CNC1CC1,-0.2848999999999982,-0.055826323434099434,A $\rightarrow$ B
Cc1nc2ccc(Cl)cc2c(-n2ccc3c(O)cc(-c4cn[nH]c4)cc32)c1C,NC(=O)[C@H](Cc1ccccc1)NC(=O)[C@H](CS)NC(=O)c1cn[nH]c1,[*]c1[c;H1][n;H1][n;H0][c;H1]1,[6*]C(=O)C(C)(C)O,CC(C)(O)C(=O)C(=O)N[C@@H](CS)C(=O)N[C@@H](Cc1ccccc1)C(N)=O,-0.6968999999999985,-0.1369785137856368,A $\rightarrow$ B
Cc1nc2ccc(Cl)cc2c(-n2ccc3c(O)cc(-c4cn[nH]c4)cc32)c1C,NC(=O)[C@H](Cc1ccccc1)NC(=O)[C@H](CS)NC(=O)c1cn[nH]c1,[*]c1[c;H1][n;H1][n;H0][c;H1]1,[6*]C(C)=O,CC(=O)c1cc(O)c2ccn(-c3c(C)c(C)nc4ccc(Cl)cc34)c2c1,-0.1875000000000009,0.07052683507985291,A $\rightarrow$ A
Cc1nc2ccc(Cl)cc2c(-n2ccc3c(O)cc(-c4cn[nH]c4)cc32)c1C,NC(=O)[C@H](Cc1ccccc1)NC(=O)[C@H](CS)NC(=O)c1cn[nH]c1,[*]c1[c;H1][n;H1][n;H0][c;H1]1,[14*]c1ccccn1,Cc1nc2ccc(Cl)cc2c(-n2ccc3c(O)cc(-c4ccccn4)cc32)c1C,0.6719000000000008,-0.033401234296234206,A $\rightarrow$ A
Cc1nc2ccc(Cl)cc2c(-n2ccc3c(O)cc(-c4cn[nH]c4)cc32)c1C,NC(=O)[C@H](Cc1ccccc1)NC(=O)[C@H](CS)NC(=O)c1cn[nH]c1,[*]c1[c;H1][n;H1][n;H0][c;H1]1,[6*]C(=O)NC(C)(C)C,Cc1nc2ccc(Cl)cc2c(-n2ccc3c(O)cc(C(=O)NC(C)(C)C)cc32)c1C,0.13820000000000032,0.0203750125975376,A $\rightarrow$ A
Cc1nc2ccc(Cl)cc2c(-n2ccc3c(O)cc(-c4cn[nH]c4)cc32)c1C,NC(=O)[C@H](Cc1ccccc1)NC(=O)[C@H](CS)NC(=O)c1cn[nH]c1,[*]c1[c;H1][n;H1][n;H0][c;H1]1,[14*]c1nnco1,Cc1nc2ccc(Cl)cc2c(-n2ccc3c(O)cc(-c4nnco4)cc32)c1C,-0.3401000000000005,0.031053963455628275,A $\rightarrow$ A
Cc1nc2ccc(Cl)cc2c(-n2ccc3c(O)cc(-c4cn[nH]c4)cc32)c1C,NC(=O)[C@H](Cc1ccccc1)NC(=O)[C@H](CS)NC(=O)c1cn[nH]c1,[*]c1[c;H1][n;H1][n;H0][c;H1]1,[14*]c1nccs1,Cc1nc2ccc(Cl)cc2c(-n2ccc3c(O)cc(-c4nccs4)cc32)c1C,0.7334000000000005,-0.04084476619512917,A $\rightarrow$ A
Cc1nc2ccc(Cl)cc2c(-n2ccc3c(O)cc(-c4cn[nH]c4)cc32)c1C,NC(=O)[C@H](Cc1ccccc1)NC(=O)[C@H](CS)NC(=O)c1cn[nH]c1,[*]c1[c;H1][n;H1][n;H0][c;H1]1,[14*]c1ncc[nH]1,Cc1nc2ccc(Cl)cc2c(-n2ccc3c(O)cc(-c4ncc[nH]4)cc32)c1C,0.0,0.0,A $\rightarrow$ A
Cc1nc2ccc(Cl)cc2c(-n2ccc3c(O)cc(-c4cn[nH]c4)cc32)c1C,NC(=O)[C@H](Cc1ccccc1)NC(=O)[C@H](CS)NC(=O)c1cn[nH]c1,[*]c1[c;H1][n;H1][n;H0][c;H1]1,[6*]C(=O)NCC(C)C,Cc1nc2ccc(Cl)cc2c(-n2ccc3c(O)cc(C(=O)NCC(C)C)cc32)c1C,-0.0042999999999997485,0.03758915879580127,A $\rightarrow$ A
Cc1nc2ccc(Cl)cc2c(-n2ccc3c(O)cc(-c4cn[nH]c4)cc32)c1C,NC(=O)[C@H](Cc1ccccc1)NC(=O)[C@H](CS)NC(=O)c1cn[nH]c1,[*]c1[c;H1][n;H1][n;H0][c;H1]1,[8*]CF,Cc1nc2ccc(Cl)cc2c(-n2ccc3c(O)cc(CF)cc32)c1C,0.07939999999999969,0.09007931205716174,A $\rightarrow$ A
Cc1nc2ccc(Cl)cc2c(-n2ccc3c(O)cc(-c4cn[nH]c4)cc32)c1C,NC(=O)[C@H](Cc1ccccc1)NC(=O)[C@H](CS)NC(=O)c1cn[nH]c1,[*]c1[c;H1][n;H1][n;H0][c;H1]1,[14*]c1ncncn1,Cc1nc2ccc(Cl)cc2c(-n2ccc3c(O)cc(-c4ncncn4)cc32)c1C,-0.5381,0.03313105206149086,A $\rightarrow$ A
Cc1nc2ccc(Cl)cc2c(-n2ccc3c(O)cc(-c4cn[nH]c4)cc32)c1C,NC(=O)[C@H](Cc1ccccc1)NC(=O)[C@H](CS)NC(=O)c1cn[nH]c1,[*]c1[c;H1][n;H1][n;H0][c;H1]1,[9*]n1ccc(C)n1,Cc1ccn(-c2cc(O)c3ccn(-c4c(C)c(C)nc5ccc(Cl)cc45)c3c2)n1,0.10402000000000022,-0.001773715726455516,A $\rightarrow$ A
Cc1nc2ccc(Cl)cc2c(-n2ccc3c(O)cc(-c4cn[nH]c4)cc32)c1C,NC(=O)[C@H](Cc1ccccc1)NC(=O)[C@H](CS)NC(=O)c1cn[nH]c1,[*]c1[c;H1][n;H1][n;H0][c;H1]1,[8*]Cn1nccn1,Cc1nc2ccc(Cl)cc2c(-n2ccc3c(O)cc(Cn4nccn4)cc32)c1C,-0.7503000000000011,0.05309907840878503,A $\rightarrow$ A
Cc1nc2ccc(Cl)cc2c(-n2ccc3c(O)cc(-c4cn[nH]c4)cc32)c1C,NC(=O)[C@H](Cc1ccccc1)NC(=O)[C@H](CS)NC(=O)c1cn[nH]c1,[*]c1[c;H1][n;H1][n;H0][c;H1]1,[14*]c1nc(C)no1,Cc1noc(-c2cc(O)c3ccn(-c4c(C)c(C)nc5ccc(Cl)cc45)c3c2)n1,-0.03167999999999971,0.002630330357760613,A $\rightarrow$ A
Cc1nc2ccc(Cl)cc2c(-n2ccc3c(O)cc(-c4cn[nH]c4)cc32)c1C,NC(=O)[C@H](Cc1ccccc1)NC(=O)[C@H](CS)NC(=O)c1cn[nH]c1,[*]c1[c;H1][n;H1][n;H0][c;H1]1,[6*]C(=O)OCCC,CCCOC(=O)c1cc(O)c2ccn(-c3c(C)c(C)nc4ccc(Cl)cc34)c2c1,0.1767000000000003,0.02170160839736901,A $\rightarrow$ A
Cc1nc2ccc(Cl)cc2c(-n2ccc3c(O)cc(-c4cn[nH]c4)cc32)c1C,NC(=O)[C@H](Cc1ccccc1)NC(=O)[C@H](CS)NC(=O)c1cn[nH]c1,[*]c1[c;H1][n;H1][n;H0][c;H1]1,[6*]C(=O)NC#CC,CC#CNC(=O)c1cc(O)c2ccn(-c3c(C)c(C)nc4ccc(Cl)cc34)c2c1,-0.6795000000000009,-0.04606820066235118,A $\rightarrow$ A
Cc1nc2ccc(Cl)cc2c(-n2ccc3c(O)cc(-c4cn[nH]c4)cc32)c1C,NC(=O)[C@H](Cc1ccccc1)NC(=O)[C@H](CS)NC(=O)c1cn[nH]c1,[*]c1[c;H1][n;H1][n;H0][c;H1]1,[14*]c1ncns1,Cc1nc2ccc(Cl)cc2c(-n2ccc3c(O)cc(-c4ncns4)cc32)c1C,0.12840000000000007,-0.006915834807666554,A $\rightarrow$ A
Cc1nc2ccc(Cl)cc2c(-n2ccc3c(O)cc(-c4cn[nH]c4)cc32)c1C,NC(=O)[C@H](Cc1ccccc1)NC(=O)[C@H](CS)NC(=O)c1cn[nH]c1,[*]c1[c;H1][n;H1][n;H0][c;H1]1,[3*]O[13CH3],Cc1nc2ccc(Cl)cc2c(-n2ccc3c(O)cc(O[13CH3])cc32)c1C,-0.38149999999999995,0.08937641852365502,A $\rightarrow$ A
Cc1nc2ccc(Cl)cc2c(-n2ccc3c(O)cc(-c4cn[nH]c4)cc32)c1C,NC(=O)[C@H](Cc1ccccc1)NC(=O)[C@H](CS)NC(=O)c1cn[nH]c1,[*]c1[c;H1][n;H1][n;H0][c;H1]1,[14*]c1ncsn1,Cc1nc2ccc(Cl)cc2c(-n2ccc3c(O)cc(-c4ncsn4)cc32)c1C,0.12840000000000007,-0.006915834807666554,A $\rightarrow$ A
Cc1nc2ccc(Cl)cc2c(-n2ccc3c(O)cc(-c4cn[nH]c4)cc32)c1C,NC(=O)[C@H](Cc1ccccc1)NC(=O)[C@H](CS)NC(=O)c1cn[nH]c1,[*]c1[c;H1][n;H1][n;H0][c;H1]1,[14*]c1cnn[nH]1,Cc1nc2ccc(Cl)cc2c(-n2ccc3c(O)cc(-c4cnn[nH]4)cc32)c1C,-0.6050000000000013,0.03122139618614278,A $\rightarrow$ A
Cc1nc2ccc(Cl)cc2c(-n2ccc3c(O)cc(-c4cn[nH]c4)cc32)c1C,NC(=O)[C@H](Cc1ccccc1)NC(=O)[C@H](CS)NC(=O)c1cn[nH]c1,[*]c1[c;H1][n;H1][n;H0][c;H1]1,[16*]c1ccccc1,Cc1nc2ccc(Cl)cc2c(-n2ccc3c(O)cc(-c4ccccc4)cc32)c1C,1.2769000000000013,-0.0627255072102077,A $\rightarrow$ A
Cc1nc2ccc(Cl)cc2c(-n2ccc3c(O)cc(-c4cn[nH]c4)cc32)c1C,NC(=O)[C@H](Cc1ccccc1)NC(=O)[C@H](CS)NC(=O)c1cn[nH]c1,[*]c1[c;H1][n;H1][n;H0][c;H1]1,[6*]C(=O)NC1CCOC1,Cc1nc2ccc(Cl)cc2c(-n2ccc3c(O)cc(C(=O)NC4CCOC4)cc32)c1C,-0.8714000000000004,0.07320168190099136,A $\rightarrow$ A
Cc1nc2ccc(Cl)cc2c(-n2ccc3c(O)cc(-c4cn[nH]c4)cc32)c1C,NC(=O)[C@H](Cc1ccccc1)NC(=O)[C@H](CS)NC(=O)c1cn[nH]c1,[*]c1[c;H1][n;H1][n;H0][c;H1]1,[6*]C(=O)N1CCC(F)(F)CC1,Cc1nc2ccc(Cl)cc2c(-n2ccc3c(O)cc(C(=O)N4CCC(F)(F)CC4)cc32)c1C,0.4812000000000012,-0.026694192541390438,A $\rightarrow$ A
Cc1nc2ccc(Cl)cc2c(-n2ccc3c(O)cc(-c4cn[nH]c4)cc32)c1C,NC(=O)[C@H](Cc1ccccc1)NC(=O)[C@H](CS)NC(=O)c1cn[nH]c1,[*]c1[c;H1][n;H1][n;H0][c;H1]1,[6*]C(=O)N1CCNCC1,Cc1nc2ccc(Cl)cc2c(-n2ccc3c(O)cc(C(=O)N4CCNCC4)cc32)c1C,-1.3447000000000005,0.07911754270703553,A $\rightarrow$ A
Cc1nc2ccc(Cl)cc2c(-n2ccc3c(O)cc(-c4cn[nH]c4)cc32)c1C,NC(=O)[C@H](Cc1ccccc1)NC(=O)[C@H](CS)NC(=O)c1cn[nH]c1,[*]c1[c;H1][n;H1][n;H0][c;H1]1,[8*]CN1CCCCC1,Cc1nc2ccc(Cl)cc2c(-n2ccc3c(O)cc(CN4CCCCC4)cc32)c1C,0.5958000000000014,0.016599378488185157,A $\rightarrow$ A
Cc1nc2ccc(Cl)cc2c(-n2ccc3c(O)cc(-c4cn[nH]c4)cc32)c1C,NC(=O)[C@H](Cc1ccccc1)NC(=O)[C@H](CS)NC(=O)c1cn[nH]c1,[*]c1[c;H1][n;H1][n;H0][c;H1]1,[6*]C(=O)N1CC1,Cc1nc2ccc(Cl)cc2c(-n2ccc3c(O)cc(C(=O)N4CC4)cc32)c1C,-0.9343000000000004,0.09084155221191964,A $\rightarrow$ A
Cc1nc2ccc(Cl)cc2c(-n2ccc3c(O)cc(-c4cn[nH]c4)cc32)c1C,NC(=O)[C@H](Cc1ccccc1)NC(=O)[C@H](CS)NC(=O)c1cn[nH]c1,[*]c1[c;H1][n;H1][n;H0][c;H1]1,[8*]CC#N,Cc1nc2ccc(Cl)cc2c(-n2ccc3c(O)cc(CC#N)cc32)c1C,-0.32402,0.1153792310557174,A $\rightarrow$ A
Cc1nc2ccc(Cl)cc2c(-n2ccc3c(O)cc(-c4cn[nH]c4)cc32)c1C,NC(=O)[C@H](Cc1ccccc1)NC(=O)[C@H](CS)NC(=O)c1cn[nH]c1,[*]c1[c;H1][n;H1][n;H0][c;H1]1,[6*]C(=O)N1CCCNCC1,Cc1nc2ccc(Cl)cc2c(-n2ccc3c(O)cc(C(=O)N4CCCNCC4)cc32)c1C,-0.9546000000000001,0.053601349625170325,A $\rightarrow$ A
Cc1nc2ccc(Cl)cc2c(-n2ccc3c(O)cc(-c4cn[nH]c4)cc32)c1C,NC(=O)[C@H](Cc1ccccc1)NC(=O)[C@H](CS)NC(=O)c1cn[nH]c1,[*]c1[c;H1][n;H1][n;H0][c;H1]1,[6*]C(=O)N1CCC(C)(C)CC1,Cc1nc2ccc(Cl)cc2c(-n2ccc3c(O)cc(C(=O)N4CCC(C)(C)CC4)cc32)c1C,0.8721000000000023,-0.042076805822148344,A $\rightarrow$ A
Cc1nc2ccc(Cl)cc2c(-n2ccc3c(O)cc(-c4cn[nH]c4)cc32)c1C,NC(=O)[C@H](Cc1ccccc1)NC(=O)[C@H](CS)NC(=O)c1cn[nH]c1,[*]c1[c;H1][n;H1][n;H0][c;H1]1,[6*]C(=O)N(C)C1C2CC1C2,Cc1nc2ccc(Cl)cc2c(-n2ccc3c(O)cc(C(=O)N(C)C4C5CC4C5)cc32)c1C,0.09030000000000094,0.02730387332211337,A $\rightarrow$ A
Cc1nc2ccc(Cl)cc2c(-n2ccc3c(O)cc(-c4cn[nH]c4)cc32)c1C,NC(=O)[C@H](Cc1ccccc1)NC(=O)[C@H](CS)NC(=O)c1cn[nH]c1,[*]c1[c;H1][n;H1][n;H0][c;H1]1,[8*]CN1CCC1,Cc1nc2ccc(Cl)cc2c(-n2ccc3c(O)cc(CN4CCC4)cc32)c1C,-0.18440000000000012,0.09411100325599692,A $\rightarrow$ A
Cc1nc2ccc(Cl)cc2c(-n2ccc3c(O)cc(-c4cn[nH]c4)cc32)c1C,NC(=O)[C@H](Cc1ccccc1)NC(=O)[C@H](CS)NC(=O)c1cn[nH]c1,[*]c1[c;H1][n;H1][n;H0][c;H1]1,[3*]OC(C)C,Cc1nc2ccc(Cl)cc2c(-n2ccc3c(O)cc(OC(C)C)cc32)c1C,0.3971000000000009,0.06131182558529069,A $\rightarrow$ A
Cc1nc2ccc(Cl)cc2c(-n2ccc3c(O)cc(-c4cn[nH]c4)cc32)c1C,NC(=O)[C@H](Cc1ccccc1)NC(=O)[C@H](CS)NC(=O)c1cn[nH]c1,[*]c1[c;H1][n;H1][n;H0][c;H1]1,[6*]C(=O)OCC1CC1,Cc1nc2ccc(Cl)cc2c(-n2ccc3c(O)cc(C(=O)OCC4CC4)cc32)c1C,0.1767000000000003,0.01193751081818023,A $\rightarrow$ A
Cc1nc2ccc(Cl)cc2c(-n2ccc3c(O)cc(-c4cn[nH]c4)cc32)c1C,NC(=O)[C@H](Cc1ccccc1)NC(=O)[C@H](CS)NC(=O)c1cn[nH]c1,[*]c1[c;H1][n;H1][n;H0][c;H1]1,[8*]CN1CCCCCC1,Cc1nc2ccc(Cl)cc2c(-n2ccc3c(O)cc(CN4CCCCCC4)cc32)c1C,0.9859000000000018,-0.017687770894426857,A $\rightarrow$ A
Cc1nc2ccc(Cl)cc2c(-n2ccc3c(O)cc(-c4cn[nH]c4)cc32)c1C,NC(=O)[C@H](Cc1ccccc1)NC(=O)[C@H](CS)NC(=O)c1cn[nH]c1,[*]c1[c;H1][n;H1][n;H0][c;H1]1,[6*]C(=O)CO,Cc1nc2ccc(Cl)cc2c(-n2ccc3c(O)cc(C(=O)CO)cc32)c1C,-1.2151000000000014,0.10196488788229746,A $\rightarrow$ A
Cc1nc2ccc(Cl)cc2c(-n2ccc3c(O)cc(-c4cn[nH]c4)cc32)c1C,NC(=O)[C@H](Cc1ccccc1)NC(=O)[C@H](CS)NC(=O)c1cn[nH]c1,[*]c1[c;H1][n;H1][n;H0][c;H1]1,[8*]CCN(C)C,Cc1nc2ccc(Cl)cc2c(-n2ccc3c(O)cc(CCN(C)C)cc32)c1C,-0.2859999999999996,0.09725192716027603,A $\rightarrow$ A
Cc1nc2ccc(Cl)cc2c(-n2ccc3c(O)cc(-c4cn[nH]c4)cc32)c1C,NC(=O)[C@H](Cc1ccccc1)NC(=O)[C@H](CS)NC(=O)c1cn[nH]c1,[*]c1[c;H1][n;H1][n;H0][c;H1]1,[6*]C(=O)NCC1CCCC1,Cc1nc2ccc(Cl)cc2c(-n2ccc3c(O)cc(C(=O)NCC4CCCC4)cc32)c1C,0.5299000000000005,-0.018268023517503784,A $\rightarrow$ A
Cc1nc2ccc(Cl)cc2c(-n2ccc3c(O)cc(-c4cn[nH]c4)cc32)c1C,NC(=O)[C@H](Cc1ccccc1)NC(=O)[C@H](CS)NC(=O)c1cn[nH]c1,[*]c1[c;H1][n;H1][n;H0][c;H1]1,[6*]C(=O)OCC(F)(F)F,Cc1nc2ccc(Cl)cc2c(-n2ccc3c(O)cc(C(=O)OCC(F)(F)F)cc32)c1C,0.32899999999999974,-0.018839693427746107,A $\rightarrow$ A
Cc1nc2ccc(Cl)cc2c(-n2ccc3c(O)cc(-c4cn[nH]c4)cc32)c1C,NC(=O)[C@H](Cc1ccccc1)NC(=O)[C@H](CS)NC(=O)c1cn[nH]c1,[*]c1[c;H1][n;H1][n;H0][c;H1]1,[8*]C(C)(C)OC,COC(C)(C)c1cc(O)c2ccn(-c3c(C)c(C)nc4ccc(Cl)cc34)c2c1,0.4914000000000005,0.044053738532196185,A $\rightarrow$ A
Cc1nc2ccc(Cl)cc2c(-n2ccc3c(O)cc(-c4cn[nH]c4)cc32)c1C,NC(=O)[C@H](Cc1ccccc1)NC(=O)[C@H](CS)NC(=O)c1cn[nH]c1,[*]c1[c;H1][n;H1][n;H0][c;H1]1,[6*]C(=O)C1CCCO1,Cc1nc2ccc(Cl)cc2c(-n2ccc3c(O)cc(C(=O)C4CCCO4)cc32)c1C,-0.028399999999999537,0.02664192311250707,A $\rightarrow$ A
Cc1nc2ccc(Cl)cc2c(-n2ccc3c(O)cc(-c4cn[nH]c4)cc32)c1C,NC(=O)[C@H](Cc1ccccc1)NC(=O)[C@H](CS)NC(=O)c1cn[nH]c1,[*]c1[c;H1][n;H1][n;H0][c;H1]1,[6*]C(=O)N1CCCC(F)C1,Cc1nc2ccc(Cl)cc2c(-n2ccc3c(O)cc(C(=O)N4CCCC(F)C4)cc32)c1C,0.18400000000000105,0.006557320355096208,A $\rightarrow$ A
Cc1nc2ccc(Cl)cc2c(-n2ccc3c(O)cc(-c4cn[nH]c4)cc32)c1C,NC(=O)[C@H](Cc1ccccc1)NC(=O)[C@H](CS)NC(=O)c1cn[nH]c1,[*]c1[c;H1][n;H1][n;H0][c;H1]1,[3*]OC(F)(F)Cl,Cc1nc2ccc(Cl)cc2c(-n2ccc3c(O)cc(OC(F)(F)Cl)cc32)c1C,0.7777999999999992,-0.024230155826153676,A $\rightarrow$ A
Cc1nc2ccc(Cl)cc2c(-n2ccc3c(O)cc(-c4cn[nH]c4)cc32)c1C,NC(=O)[C@H](Cc1ccccc1)NC(=O)[C@H](CS)NC(=O)c1cn[nH]c1,[*]c1[c;H1][n;H1][n;H0][c;H1]1,[5*]NS(C)(=O)=O,Cc1nc2ccc(Cl)cc2c(-n2ccc3c(O)cc(NS(C)(=O)=O)cc32)c1C,-1.018600000000001,0.09800314545480165,A $\rightarrow$ A
Cc1nc2ccc(Cl)cc2c(-n2ccc3c(O)cc(-c4cn[nH]c4)cc32)c1C,NC(=O)[C@H](Cc1ccccc1)NC(=O)[C@H](CS)NC(=O)c1cn[nH]c1,[*]c1[c;H1][n;H1][n;H0][c;H1]1,[6*]C(=O)NCC1CCCO1,Cc1nc2ccc(Cl)cc2c(-n2ccc3c(O)cc(C(=O)NCC4CCCO4)cc32)c1C,-0.48130000000000006,0.03944917157626915,A $\rightarrow$ A
Cc1nc2ccc(Cl)cc2c(-n2ccc3c(O)cc(-c4cn[nH]c4)cc32)c1C,NC(=O)[C@H](Cc1ccccc1)NC(=O)[C@H](CS)NC(=O)c1cn[nH]c1,[*]c1[c;H1][n;H1][n;H0][c;H1]1,[8*]C(C)OC,COC(C)c1cc(O)c2ccn(-c3c(C)c(C)nc4ccc(Cl)cc34)c2c1,0.31730000000000036,0.06707937567150374,A $\rightarrow$ A
Cc1nc2ccc(Cl)cc2c(-n2ccc3c(O)cc(-c4cn[nH]c4)cc32)c1C,NC(=O)[C@H](Cc1ccccc1)NC(=O)[C@H](CS)NC(=O)c1cn[nH]c1,[*]c1[c;H1][n;H1][n;H0][c;H1]1,[8*]COCC(F)F,Cc1nc2ccc(Cl)cc2c(-n2ccc3c(O)cc(COCC(F)F)cc32)c1C,0.3916000000000004,0.02126688173519481,A $\rightarrow$ A
Cc1nc2ccc(Cl)cc2c(-n2ccc3c(O)cc(-c4cn[nH]c4)cc32)c1C,NC(=O)[C@H](Cc1ccccc1)NC(=O)[C@H](CS)NC(=O)c1cn[nH]c1,[*]c1[c;H1][n;H1][n;H0][c;H1]1,[6*]C(=O)N1CCC[C@@H](C)C1,Cc1nc2ccc(Cl)cc2c(-n2ccc3c(O)cc(C(=O)N4CCC[C@@H](C)C4)cc32)c1C,0.4820000000000011,-0.008625487943405452,A $\rightarrow$ A
Cc1nc2ccc(Cl)cc2c(-n2ccc3c(O)cc(-c4cn[nH]c4)cc32)c1C,NC(=O)[C@H](Cc1ccccc1)NC(=O)[C@H](CS)NC(=O)c1cn[nH]c1,[*]c1[c;H1][n;H1][n;H0][c;H1]1,[14*]c1c(C)nnn1C,Cc1nc2ccc(Cl)cc2c(-n2ccc3c(O)cc(-c4c(C)nnn4C)cc32)c1C,-0.28618000000000077,0.008494962058319067,A $\rightarrow$ A
Cc1nc2ccc(Cl)cc2c(-n2ccc3c(O)cc(-c4cn[nH]c4)cc32)c1C,NC(=O)[C@H](Cc1ccccc1)NC(=O)[C@H](CS)NC(=O)c1cn[nH]c1,[*]c1[c;H1][n;H1][n;H0][c;H1]1,[6*]C(=O)N1CCS(=O)(=O)C1,Cc1nc2ccc(Cl)cc2c(-n2ccc3c(O)cc(C(=O)N4CCS(=O)(=O)C4)cc32)c1C,-1.5620000000000003,0.062373563349684524,A $\rightarrow$ A
Cc1nc2ccc(Cl)cc2c(-n2ccc3c(O)cc(-c4cn[nH]c4)cc32)c1C,NC(=O)[C@H](Cc1ccccc1)NC(=O)[C@H](CS)NC(=O)c1cn[nH]c1,[*]c1[c;H1][n;H1][n;H0][c;H1]1,[9*]n1nccc1F,Cc1nc2ccc(Cl)cc2c(-n2ccc3c(O)cc(-n4nccc4F)cc32)c1C,-0.06530000000000058,0.005438470404998841,A $\rightarrow$ A
Cc1nc2ccc(Cl)cc2c(-n2ccc3c(O)cc(-c4cn[nH]c4)cc32)c1C,NC(=O)[C@H](Cc1ccccc1)NC(=O)[C@H](CS)NC(=O)c1cn[nH]c1,[*]c1[c;H1][n;H1][n;H0][c;H1]1,[3*]OC(C)F,Cc1nc2ccc(Cl)cc2c(-n2ccc3c(O)cc(OC(C)F)cc32)c1C,0.3042000000000007,0.0650614924456,A $\rightarrow$ A
Cc1nc2ccc(Cl)cc2c(-n2ccc3c(O)cc(-c4cn[nH]c4)cc32)c1C,NC(=O)[C@H](Cc1ccccc1)NC(=O)[C@H](CS)NC(=O)c1cn[nH]c1,[*]c1[c;H1][n;H1][n;H0][c;H1]1,[6*]C(=O)NC(=O)C(C)C,Cc1nc2ccc(Cl)cc2c(-n2ccc3c(O)cc(C(=O)NC(=O)C(C)C)cc32)c1C,-0.47770000000000046,0.05372191364454654,A $\rightarrow$ A
Cc1nc2ccc(Cl)cc2c(-n2ccc3c(O)cc(-c4cn[nH]c4)cc32)c1C,NC(=O)[C@H](Cc1ccccc1)NC(=O)[C@H](CS)NC(=O)c1cn[nH]c1,[*]c1[c;H1][n;H1][n;H0][c;H1]1,[6*]C(=O)N(C)C1CCCCC1,Cc1nc2ccc(Cl)cc2c(-n2ccc3c(O)cc(C(=O)N(C)C4CCCCC4)cc32)c1C,1.0146000000000024,-0.0410756776306071,A $\rightarrow$ A
Cc1nc2ccc(Cl)cc2c(-n2ccc3c(O)cc(-c4cn[nH]c4)cc32)c1C,NC(=O)[C@H](Cc1ccccc1)NC(=O)[C@H](CS)NC(=O)c1cn[nH]c1,[*]c1[c;H1][n;H1][n;H0][c;H1]1,[8*]CN1CCOC(C)C1,Cc1nc2ccc(Cl)cc2c(-n2ccc3c(O)cc(CN4CCOC(C)C4)cc32)c1C,-0.16939999999999955,0.05270698899733217,A $\rightarrow$ A
Cc1nc2ccc(Cl)cc2c(-n2ccc3c(O)cc(-c4cn[nH]c4)cc32)c1C,NC(=O)[C@H](Cc1ccccc1)NC(=O)[C@H](CS)NC(=O)c1cn[nH]c1,[*]c1[c;H1][n;H1][n;H0][c;H1]1,[8*]C(OC)OC,COC(OC)c1cc(O)c2ccn(-c3c(C)c(C)nc4ccc(Cl)cc34)c2c1,-0.09870000000000001,0.049464828379242654,A $\rightarrow$ A
Cc1nc2ccc(Cl)cc2c(-n2ccc3c(O)cc(-c4cn[nH]c4)cc32)c1C,NC(=O)[C@H](Cc1ccccc1)NC(=O)[C@H](CS)NC(=O)c1cn[nH]c1,[*]c1[c;H1][n;H1][n;H0][c;H1]1,[6*]C(=O)N1CCCC1=O,Cc1nc2ccc(Cl)cc2c(-n2ccc3c(O)cc(C(=O)N4CCCC4=O)cc32)c1C,-0.6275000000000004,0.03861323777162812,A $\rightarrow$ A
Cc1nc2ccc(Cl)cc2c(-n2ccc3c(O)cc(-c4cn[nH]c4)cc32)c1C,NC(=O)[C@H](Cc1ccccc1)NC(=O)[C@H](CS)NC(=O)c1cn[nH]c1,[*]c1[c;H1][n;H1][n;H0][c;H1]1,[6*]C(=O)N(C)CCN,Cc1nc2ccc(Cl)cc2c(-n2ccc3c(O)cc(C(=O)N(C)CCN)cc32)c1C,-1.3594000000000008,0.09957630169630988,A $\rightarrow$ A
Cc1nc2ccc(Cl)cc2c(-n2ccc3c(O)cc(-c4cn[nH]c4)cc32)c1C,NC(=O)[C@H](Cc1ccccc1)NC(=O)[C@H](CS)NC(=O)c1cn[nH]c1,[*]c1[c;H1][n;H1][n;H0][c;H1]1,[8*]CN1CCO[C@H](C)C1,Cc1nc2ccc(Cl)cc2c(-n2ccc3c(O)cc(CN4CCO[C@H](C)C4)cc32)c1C,-0.16939999999999955,0.05270698899733217,A $\rightarrow$ A
Cc1nc2ccc(Cl)cc2c(-n2ccc3c(O)cc(-c4cn[nH]c4)cc32)c1C,NC(=O)[C@H](Cc1ccccc1)NC(=O)[C@H](CS)NC(=O)c1cn[nH]c1,[*]c1[c;H1][n;H1][n;H0][c;H1]1,[6*]C(=O)N(C)CC1CCOCC1,Cc1nc2ccc(Cl)cc2c(-n2ccc3c(O)cc(C(=O)N(C)CC4CCOCC4)cc32)c1C,0.10850000000000115,-0.0046961141756747815,A $\rightarrow$ A
Cc1nc2ccc(Cl)cc2c(-n2ccc3c(O)cc(-c4cn[nH]c4)cc32)c1C,NC(=O)[C@H](Cc1ccccc1)NC(=O)[C@H](CS)NC(=O)c1cn[nH]c1,[*]c1[c;H1][n;H1][n;H0][c;H1]1,[9*]n1cnccc1=O,Cc1nc2ccc(Cl)cc2c(-n2ccc3c(O)cc(-n4cnccc4=O)cc32)c1C,-0.8442000000000007,0.035746584341027954,A $\rightarrow$ A
Cc1nc2ccc(Cl)cc2c(-n2ccc3c(O)cc(-c4cn[nH]c4)cc32)c1C,NC(=O)[C@H](Cc1ccccc1)NC(=O)[C@H](CS)NC(=O)c1cn[nH]c1,[*]c1[c;H1][n;H1][n;H0][c;H1]1,[6*]C(=O)N1CC2CC(C1)O2,Cc1nc2ccc(Cl)cc2c(-n2ccc3c(O)cc(C(=O)N4CC5CC(C4)O5)cc32)c1C,-0.7767999999999997,0.06378902943558945,A $\rightarrow$ A
Cc1nc2ccc(Cl)cc2c(-n2ccc3c(O)cc(-c4cn[nH]c4)cc32)c1C,NC(=O)[C@H](Cc1ccccc1)NC(=O)[C@H](CS)NC(=O)c1cn[nH]c1,[*]c1[c;H1][n;H1][n;H0][c;H1]1,[15*]C1CCCC1,Cc1nc2ccc(Cl)cc2c(-n2ccc3c(O)cc(C4CCCC4)cc32)c1C,1.267500000000001,-0.008857258112574762,A $\rightarrow$ A
Cc1nc2ccc(Cl)cc2c(-n2ccc3c(O)cc(-c4cn[nH]c4)cc32)c1C,NC(=O)[C@H](Cc1ccccc1)NC(=O)[C@H](CS)NC(=O)c1cn[nH]c1,[*]c1[c;H1][n;H1][n;H0][c;H1]1,[6*]C(=O)N1CC2(C1)OCCO2,Cc1nc2ccc(Cl)cc2c(-n2ccc3c(O)cc(C(=O)N4CC5(C4)OCCO5)cc32)c1C,-1.1912000000000003,0.06124577213326632,A $\rightarrow$ A
Cc1nc2ccc(Cl)cc2c(-n2ccc3c(O)cc(-c4cn[nH]c4)cc32)c1C,NC(=O)[C@H](Cc1ccccc1)NC(=O)[C@H](CS)NC(=O)c1cn[nH]c1,[*]c1[c;H1][n;H1][n;H0][c;H1]1,[6*]C(=O)N(C)CC(=O)O,Cc1nc2ccc(Cl)cc2c(-n2ccc3c(O)cc(C(=O)N(C)CC(=O)O)cc32)c1C,-1.2335000000000012,0.07899042913118814,A $\rightarrow$ A
Cc1nc2ccc(Cl)cc2c(-n2ccc3c(O)cc(-c4cn[nH]c4)cc32)c1C,NC(=O)[C@H](Cc1ccccc1)NC(=O)[C@H](CS)NC(=O)c1cn[nH]c1,[*]c1[c;H1][n;H1][n;H0][c;H1]1,[6*]C(=O)N1CCN(OC)CC1,CON1CCN(C(=O)c2cc(O)c3ccn(-c4c(C)c(C)nc5ccc(Cl)cc45)c3c2)CC1,-1.0709000000000009,0.06733233489463636,A $\rightarrow$ A
Cc1nc2ccc(Cl)cc2c(-n2ccc3c(O)cc(-c4cn[nH]c4)cc32)c1C,NC(=O)[C@H](Cc1ccccc1)NC(=O)[C@H](CS)NC(=O)c1cn[nH]c1,[*]c1[c;H1][n;H1][n;H0][c;H1]1,[6*]C(=O)c1ccccc1,Cc1nc2ccc(Cl)cc2c(-n2ccc3c(O)cc(C(=O)c4ccccc4)cc32)c1C,0.8409000000000013,-0.07651021121282298,A $\rightarrow$ A
Cc1nc2ccc(Cl)cc2c(-n2ccc3c(O)cc(-c4cn[nH]c4)cc32)c1C,NC(=O)[C@H](Cc1ccccc1)NC(=O)[C@H](CS)NC(=O)c1cn[nH]c1,[*]c1[c;H1][n;H1][n;H0][c;H1]1,[6*]C(=O)N1CC2(CCC2)C1,Cc1nc2ccc(Cl)cc2c(-n2ccc3c(O)cc(C(=O)N4CC5(CCC5)C4)cc32)c1C,0.23600000000000065,0.008467194981260306,A $\rightarrow$ A
Cc1nc2ccc(Cl)cc2c(-n2ccc3c(O)cc(-c4cn[nH]c4)cc32)c1C,NC(=O)[C@H](Cc1ccccc1)NC(=O)[C@H](CS)NC(=O)c1cn[nH]c1,[*]c1[c;H1][n;H1][n;H0][c;H1]1,[8*]C(F)S(C)(=O)=O,Cc1nc2ccc(Cl)cc2c(-n2ccc3c(O)cc(C(F)S(C)(=O)=O)cc32)c1C,-0.37739999999999974,0.06793174913478711,A $\rightarrow$ A
Cc1nc2ccc(Cl)cc2c(-n2ccc3c(O)cc(-c4cn[nH]c4)cc32)c1C,NC(=O)[C@H](Cc1ccccc1)NC(=O)[C@H](CS)NC(=O)c1cn[nH]c1,[*]c1[c;H1][n;H1][n;H0][c;H1]1,[6*]C(=O)NC1CC(=O)C1,Cc1nc2ccc(Cl)cc2c(-n2ccc3c(O)cc(C(=O)NC4CC(=O)C4)cc32)c1C,-0.9288000000000007,0.07695061050857732,A $\rightarrow$ A
Cc1nc2ccc(Cl)cc2c(-n2ccc3c(O)cc(-c4cn[nH]c4)cc32)c1C,NC(=O)[C@H](Cc1ccccc1)NC(=O)[C@H](CS)NC(=O)c1cn[nH]c1,[*]c1[c;H1][n;H1][n;H0][c;H1]1,[8*]CN1CCCN(C)CC1,Cc1nc2ccc(Cl)cc2c(-n2ccc3c(O)cc(CN4CCCN(C)CC4)cc32)c1C,-0.25259999999999927,0.04542020145795095,A $\rightarrow$ A
Cc1nc2ccc(Cl)cc2c(-n2ccc3c(O)cc(-c4cn[nH]c4)cc32)c1C,NC(=O)[C@H](Cc1ccccc1)NC(=O)[C@H](CS)NC(=O)c1cn[nH]c1,[*]c1[c;H1][n;H1][n;H0][c;H1]1,[8*]CN1CCCOC1,Cc1nc2ccc(Cl)cc2c(-n2ccc3c(O)cc(CN4CCCOC4)cc32)c1C,-0.21030000000000015,0.06848633352806949,A $\rightarrow$ A
Cc1nc2ccc(Cl)cc2c(-n2ccc3c(O)cc(-c4cn[nH]c4)cc32)c1C,NC(=O)[C@H](Cc1ccccc1)NC(=O)[C@H](CS)NC(=O)c1cn[nH]c1,[*]c1[c;H1][n;H1][n;H0][c;H1]1,[8*]Cc1cccnc1,Cc1nc2ccc(Cl)cc2c(-n2ccc3c(O)cc(Cc4cccnc4)cc32)c1C,0.5957000000000017,-0.03047563276213494,A $\rightarrow$ A
Cc1nc2ccc(Cl)cc2c(-n2ccc3c(O)cc(-c4cn[nH]c4)cc32)c1C,NC(=O)[C@H](Cc1ccccc1)NC(=O)[C@H](CS)NC(=O)c1cn[nH]c1,[*]c1[c;H1][n;H1][n;H0][c;H1]1,[6*]C(=O)OCC1COCO1,Cc1nc2ccc(Cl)cc2c(-n2ccc3c(O)cc(C(=O)OCC4COCO4)cc32)c1C,-0.8604000000000003,0.035768518166635954,A $\rightarrow$ A
Cc1nc2ccc(Cl)cc2c(-n2ccc3c(O)cc(-c4cn[nH]c4)cc32)c1C,NC(=O)[C@H](Cc1ccccc1)NC(=O)[C@H](CS)NC(=O)c1cn[nH]c1,[*]c1[c;H1][n;H1][n;H0][c;H1]1,[6*]C(=O)NC[C@H]1CCOC1,Cc1nc2ccc(Cl)cc2c(-n2ccc3c(O)cc(C(=O)NC[C@H]4CCOC4)cc32)c1C,-0.6238000000000001,0.046654645391621674,A $\rightarrow$ A
Cc1nc2ccc(Cl)cc2c(-n2ccc3c(O)cc(-c4cn[nH]c4)cc32)c1C,NC(=O)[C@H](Cc1ccccc1)NC(=O)[C@H](CS)NC(=O)c1cn[nH]c1,[*]c1[c;H1][n;H1][n;H0][c;H1]1,[6*]C(=O)NC1CCC(F)(F)C1,Cc1nc2ccc(Cl)cc2c(-n2ccc3c(O)cc(C(=O)NC4CCC(F)(F)C4)cc32)c1C,0.5275000000000007,-0.03433622685544557,A $\rightarrow$ A
Cc1nc2ccc(Cl)cc2c(-n2ccc3c(O)cc(-c4cn[nH]c4)cc32)c1C,NC(=O)[C@H](Cc1ccccc1)NC(=O)[C@H](CS)NC(=O)c1cn[nH]c1,[*]c1[c;H1][n;H1][n;H0][c;H1]1,[8*]CCCCO,Cc1nc2ccc(Cl)cc2c(-n2ccc3c(O)cc(CCCCO)cc32)c1C,-0.07509999999999906,0.024475162185252197,A $\rightarrow$ A
Cc1nc2ccc(Cl)cc2c(-n2ccc3c(O)cc(-c4cn[nH]c4)cc32)c1C,NC(=O)[C@H](Cc1ccccc1)NC(=O)[C@H](CS)NC(=O)c1cn[nH]c1,[*]c1[c;H1][n;H1][n;H0][c;H1]1,[6*]C(=O)N1CC2CCC(CC2)C1,Cc1nc2ccc(Cl)cc2c(-n2ccc3c(O)cc(C(=O)N4CC5CCC(CC5)C4)cc32)c1C,0.8721000000000023,-0.05132264856570912,A $\rightarrow$ A
Cc1nc2ccc(Cl)cc2c(-n2ccc3c(O)cc(-c4cn[nH]c4)cc32)c1C,NC(=O)[C@H](Cc1ccccc1)NC(=O)[C@H](CS)NC(=O)c1cn[nH]c1,[*]c1[c;H1][n;H1][n;H0][c;H1]1,[6*]C(=O)N1CCSC1C,Cc1nc2ccc(Cl)cc2c(-n2ccc3c(O)cc(C(=O)N4CCSC4C)cc32)c1C,0.14490000000000158,0.008400110577654718,A $\rightarrow$ A
Cc1nc2ccc(Cl)cc2c(-n2ccc3c(O)cc(-c4cn[nH]c4)cc32)c1C,NC(=O)[C@H](Cc1ccccc1)NC(=O)[C@H](CS)NC(=O)c1cn[nH]c1,[*]c1[c;H1][n;H1][n;H0][c;H1]1,[6*]C(=O)N1CC[C@@H](O)C1,Cc1nc2ccc(Cl)cc2c(-n2ccc3c(O)cc(C(=O)N4CC[C@@H](O)C4)cc32)c1C,-1.183300000000001,0.07336681311935339,A $\rightarrow$ A
Cc1nc2ccc(Cl)cc2c(-n2ccc3c(O)cc(-c4cn[nH]c4)cc32)c1C,NC(=O)[C@H](Cc1ccccc1)NC(=O)[C@H](CS)NC(=O)c1cn[nH]c1,[*]c1[c;H1][n;H1][n;H0][c;H1]1,[6*]C(=O)N(C)OCC,CCON(C)C(=O)c1cc(O)c2ccn(-c3c(C)c(C)nc4ccc(Cl)cc34)c2c1,-0.36660000000000004,0.04254385734623295,A $\rightarrow$ A
Cc1nc2ccc(Cl)cc2c(-n2ccc3c(O)cc(-c4cn[nH]c4)cc32)c1C,NC(=O)[C@H](Cc1ccccc1)NC(=O)[C@H](CS)NC(=O)c1cn[nH]c1,[*]c1[c;H1][n;H1][n;H0][c;H1]1,[10*]N1CCOCCC1=O,Cc1nc2ccc(Cl)cc2c(-n2ccc3c(O)cc(N4CCOCCC4=O)cc32)c1C,-0.6368000000000009,0.06892479212893632,A $\rightarrow$ A
Cc1nc2ccc(Cl)cc2c(-n2ccc3c(O)cc(-c4cn[nH]c4)cc32)c1C,NC(=O)[C@H](Cc1ccccc1)NC(=O)[C@H](CS)NC(=O)c1cn[nH]c1,[*]c1[c;H1][n;H1][n;H0][c;H1]1,[6*]C(=O)N[C@H]1CCN(C)C1,Cc1nc2ccc(Cl)cc2c(-n2ccc3c(O)cc(C(=O)N[C@H]4CCN(C)C4)cc32)c1C,-0.9561999999999999,0.06402548010736547,A $\rightarrow$ A
Cc1nc2ccc(Cl)cc2c(-n2ccc3c(O)cc(-c4cn[nH]c4)cc32)c1C,NC(=O)[C@H](Cc1ccccc1)NC(=O)[C@H](CS)NC(=O)c1cn[nH]c1,[*]c1[c;H1][n;H1][n;H0][c;H1]1,[6*]C(=O)N1CC(SC)C1,CSC1CN(C(=O)c2cc(O)c3ccn(-c4c(C)c(C)nc5ccc(Cl)cc45)c3c2)C1,-0.2027000000000001,0.03968045737213188,A $\rightarrow$ A
Cc1nc2ccc(Cl)cc2c(-n2ccc3c(O)cc(-c4cn[nH]c4)cc32)c1C,NC(=O)[C@H](Cc1ccccc1)NC(=O)[C@H](CS)NC(=O)c1cn[nH]c1,[*]c1[c;H1][n;H1][n;H0][c;H1]1,[6*]C(=O)NC1CC2CCC1C2,Cc1nc2ccc(Cl)cc2c(-n2ccc3c(O)cc(C(=O)NC4CC5CCC4C5)cc32)c1C,0.5283000000000007,-0.026400263048735884,A $\rightarrow$ A
Cc1nc2ccc(Cl)cc2c(-n2ccc3c(O)cc(-c4cn[nH]c4)cc32)c1C,NC(=O)[C@H](Cc1ccccc1)NC(=O)[C@H](CS)NC(=O)c1cn[nH]c1,[*]c1[c;H1][n;H1][n;H0][c;H1]1,[6*]C(=O)N1CCSC1(C)C,Cc1nc2ccc(Cl)cc2c(-n2ccc3c(O)cc(C(=O)N4CCSC4(C)C)cc32)c1C,0.5350000000000019,-0.027176115145423507,A $\rightarrow$ A
Cc1nc2ccc(Cl)cc2c(-n2ccc3c(O)cc(-c4cn[nH]c4)cc32)c1C,NC(=O)[C@H](Cc1ccccc1)NC(=O)[C@H](CS)NC(=O)c1cn[nH]c1,[*]c1[c;H1][n;H1][n;H0][c;H1]1,[6*]C(=O)NCC(=O)N1CCCC1,Cc1nc2ccc(Cl)cc2c(-n2ccc3c(O)cc(C(=O)NCC(=O)N4CCCC4)cc32)c1C,-1.0379000000000005,0.036847771186075184,A $\rightarrow$ A
Cc1nc2ccc(Cl)cc2c(-n2ccc3c(O)cc(-c4cn[nH]c4)cc32)c1C,NC(=O)[C@H](Cc1ccccc1)NC(=O)[C@H](CS)NC(=O)c1cn[nH]c1,[*]c1[c;H1][n;H1][n;H0][c;H1]1,[6*]C(=O)NCC1CCN(C)C1,Cc1nc2ccc(Cl)cc2c(-n2ccc3c(O)cc(C(=O)NCC4CCN(C)C4)cc32)c1C,-0.7085999999999997,0.038522668129938265,A $\rightarrow$ A
Cc1nc2ccc(Cl)cc2c(-n2ccc3c(O)cc(-c4cn[nH]c4)cc32)c1C,NC(=O)[C@H](Cc1ccccc1)NC(=O)[C@H](CS)NC(=O)c1cn[nH]c1,[*]c1[c;H1][n;H1][n;H0][c;H1]1,[6*]C(=O)NC1CCOC1=O,Cc1nc2ccc(Cl)cc2c(-n2ccc3c(O)cc(C(=O)NC4CCOC4=O)cc32)c1C,-1.344800000000001,0.04045286896615313,A $\rightarrow$ A
Cc1nc2ccc(Cl)cc2c(-n2ccc3c(O)cc(-c4cn[nH]c4)cc32)c1C,NC(=O)[C@H](Cc1ccccc1)NC(=O)[C@H](CS)NC(=O)c1cn[nH]c1,[*]c1[c;H1][n;H1][n;H0][c;H1]1,[6*]C(=O)N1CC(CO)C1,Cc1nc2ccc(Cl)cc2c(-n2ccc3c(O)cc(C(=O)N4CC(CO)C4)cc32)c1C,-1.325800000000001,0.088097808213146,A $\rightarrow$ A
Cc1nc2ccc(Cl)cc2c(-n2ccc3c(O)cc(-c4cn[nH]c4)cc32)c1C,NC(=O)[C@H](Cc1ccccc1)NC(=O)[C@H](CS)NC(=O)c1cn[nH]c1,[*]c1[c;H1][n;H1][n;H0][c;H1]1,[6*]C(=O)NCCC(C)(C)C,Cc1nc2ccc(Cl)cc2c(-n2ccc3c(O)cc(C(=O)NCCC(C)(C)C)cc32)c1C,0.7759000000000009,-0.03392432610743673,A $\rightarrow$ A
Cc1nc2ccc(Cl)cc2c(-n2ccc3c(O)cc(-c4cn[nH]c4)cc32)c1C,NC(=O)[C@H](Cc1ccccc1)NC(=O)[C@H](CS)NC(=O)c1cn[nH]c1,[*]c1[c;H1][n;H1][n;H0][c;H1]1,[8*]CN(CC)CC,CCN(CC)Cc1cc(O)c2ccn(-c3c(C)c(C)nc4ccc(Cl)cc34)c2c1,0.45170000000000154,0.024348646663571616,A $\rightarrow$ A
Cc1nc2ccc(Cl)cc2c(-n2ccc3c(O)cc(-c4cn[nH]c4)cc32)c1C,NC(=O)[C@H](Cc1ccccc1)NC(=O)[C@H](CS)NC(=O)c1cn[nH]c1,[*]c1[c;H1][n;H1][n;H0][c;H1]1,[10*]N1CCOCC1=O,Cc1nc2ccc(Cl)cc2c(-n2ccc3c(O)cc(N4CCOCC4=O)cc32)c1C,-1.0269000000000013,0.09984461594439481,A $\rightarrow$ A
Cc1nc2ccc(Cl)cc2c(-n2ccc3c(O)cc(-c4cn[nH]c4)cc32)c1C,NC(=O)[C@H](Cc1ccccc1)NC(=O)[C@H](CS)NC(=O)c1cn[nH]c1,[*]c1[c;H1][n;H1][n;H0][c;H1]1,[5*]N1CCNCC1,Cc1nc2ccc(Cl)cc2c(-n2ccc3c(O)cc(N4CCNCC4)cc32)c1C,-0.980500000000001,0.09527459697484614,A $\rightarrow$ A
Cc1nc2ccc(Cl)cc2c(-n2ccc3c(O)cc(-c4cn[nH]c4)cc32)c1C,NC(=O)[C@H](Cc1ccccc1)NC(=O)[C@H](CS)NC(=O)c1cn[nH]c1,[*]c1[c;H1][n;H1][n;H0][c;H1]1,[3*]OCC(F)F,Cc1nc2ccc(Cl)cc2c(-n2ccc3c(O)cc(OCC(F)F)cc32)c1C,0.2538,0.052433243567601484,A $\rightarrow$ A
Cc1nc2ccc(Cl)cc2c(-n2ccc3c(O)cc(-c4cn[nH]c4)cc32)c1C,NC(=O)[C@H](Cc1ccccc1)NC(=O)[C@H](CS)NC(=O)c1cn[nH]c1,[*]c1[c;H1][n;H1][n;H0][c;H1]1,[6*]C(=O)N1CC2CC1CO2,Cc1nc2ccc(Cl)cc2c(-n2ccc3c(O)cc(C(=O)N4CC5CC4CO5)cc32)c1C,-0.7767999999999997,0.06378902943558945,A $\rightarrow$ A
Cc1nc2ccc(Cl)cc2c(-n2ccc3c(O)cc(-c4cn[nH]c4)cc32)c1C,NC(=O)[C@H](Cc1ccccc1)NC(=O)[C@H](CS)NC(=O)c1cn[nH]c1,[*]c1[c;H1][n;H1][n;H0][c;H1]1,[8*]CC(C)OC,COC(C)Cc1cc(O)c2ccn(-c3c(C)c(C)nc4ccc(Cl)cc34)c2c1,0.18730000000000135,0.06366910609872173,A $\rightarrow$ A
Cc1nc2ccc(Cl)cc2c(-n2ccc3c(O)cc(-c4cn[nH]c4)cc32)c1C,NC(=O)[C@H](Cc1ccccc1)NC(=O)[C@H](CS)NC(=O)c1cn[nH]c1,[*]c1[c;H1][n;H1][n;H0][c;H1]1,[6*]C(=O)N(C)CCCO,Cc1nc2ccc(Cl)cc2c(-n2ccc3c(O)cc(C(=O)N(C)CCCO)cc32)c1C,-0.9356999999999998,0.060973623188675774,A $\rightarrow$ A
Cc1nc2ccc(Cl)cc2c(-n2ccc3c(O)cc(-c4cn[nH]c4)cc32)c1C,NC(=O)[C@H](Cc1ccccc1)NC(=O)[C@H](CS)NC(=O)c1cn[nH]c1,[*]c1[c;H1][n;H1][n;H0][c;H1]1,[5*]N1CCCCCC1,Cc1nc2ccc(Cl)cc2c(-n2ccc3c(O)cc(N4CCCCCC4)cc32)c1C,0.9903000000000013,-0.015673511515820138,A $\rightarrow$ A
Cc1nc2ccc(Cl)cc2c(-n2ccc3c(O)cc(-c4cn[nH]c4)cc32)c1C,NC(=O)[C@H](Cc1ccccc1)NC(=O)[C@H](CS)NC(=O)c1cn[nH]c1,[*]c1[c;H1][n;H1][n;H0][c;H1]1,[14*]c1ncnc(C)n1,Cc1ncnc(-c2cc(O)c3ccn(-c4c(C)c(C)nc5ccc(Cl)cc45)c3c2)n1,-0.229680000000001,0.005544582936277631,A $\rightarrow$ A
Cc1nc2ccc(Cl)cc2c(-n2ccc3c(O)cc(-c4cn[nH]c4)cc32)c1C,NC(=O)[C@H](Cc1ccccc1)NC(=O)[C@H](CS)NC(=O)c1cn[nH]c1,[*]c1[c;H1][n;H1][n;H0][c;H1]1,[8*]CN1CCOCC1C,Cc1nc2ccc(Cl)cc2c(-n2ccc3c(O)cc(CN4CCOCC4C)cc32)c1C,-0.16939999999999955,0.05270698899733217,A $\rightarrow$ A
Cc1nc2ccc(Cl)cc2c(-n2ccc3c(O)cc(-c4cn[nH]c4)cc32)c1C,NC(=O)[C@H](Cc1ccccc1)NC(=O)[C@H](CS)NC(=O)c1cn[nH]c1,[*]c1[c;H1][n;H1][n;H0][c;H1]1,[8*]CNC1CC1,Cc1nc2ccc(Cl)cc2c(-n2ccc3c(O)cc(CNC4CC4)cc32)c1C,-0.13810000000000056,0.07226460090493658,A $\rightarrow$ A
Cc1nc2ccc(Cl)cc2c(-n2ccc3c(O)cc(-c4cn[nH]c4)cc32)c1C,NC(=O)[C@H](Cc1ccccc1)NC(=O)[C@H](CS)NC(=O)c1cn[nH]c1,[*]c1[c;H1][n;H1][n;H0][c;H1]1,[6*]C(=O)C(C)(C)O,Cc1nc2ccc(Cl)cc2c(-n2ccc3c(O)cc(C(=O)C(C)(C)O)cc32)c1C,-0.4364999999999988,0.0451849760582016,A $\rightarrow$ A
Cc1nc2ccc(Cl)cc2c(-n2ccc3c(O)cc(-c4cn[nH]c4)cc32)c1C,NC(=O)[C@H](Cc1ccccc1)NC(=O)[C@H](CS)NC(=O)c1cn[nH]c1,[*]c1[c;H1][n;H1][n;H0][c;H1]1,[15*]C1CCCC1,NC(=O)[C@H](Cc1ccccc1)NC(=O)[C@H](CS)NC(=O)C1CCCC1,1.153299999999999,0.10256155544444734,B $\rightarrow$ B
Cc1nc2ccc(Cl)cc2c(-n2ccc3c(O)cc(-c4cn[nH]c4)cc32)c1C,NC(=O)[C@H](Cc1ccccc1)NC(=O)[C@H](CS)NC(=O)c1cn[nH]c1,[*]c1[c;H1][n;H1][n;H0][c;H1]1,[14*]c1ccccn1,NC(=O)[C@H](Cc1ccccc1)NC(=O)[C@H](CS)NC(=O)c1ccccn1,0.6718999999999996,0.08833241250414836,B $\rightarrow$ B
Cc1nc2ccc(Cl)cc2c(-n2ccc3c(O)cc(-c4cn[nH]c4)cc32)c1C,NC(=O)[C@H](Cc1ccccc1)NC(=O)[C@H](CS)NC(=O)c1cn[nH]c1,[*]c1[c;H1][n;H1][n;H0][c;H1]1,[14*]c1nccs1,NC(=O)[C@H](Cc1ccccc1)NC(=O)[C@H](CS)NC(=O)c1nccs1,0.7333999999999997,0.08592988701442839,B $\rightarrow$ B
Cc1nc2ccc(Cl)cc2c(-n2ccc3c(O)cc(-c4cn[nH]c4)cc32)c1C,NC(=O)[C@H](Cc1ccccc1)NC(=O)[C@H](CS)NC(=O)c1cn[nH]c1,[*]c1[c;H1][n;H1][n;H0][c;H1]1,[16*]c1ccccc1,NC(=O)[C@H](Cc1ccccc1)NC(=O)[C@H](CS)NC(=O)c1ccccc1,1.2768999999999997,0.10781625652649274,B $\rightarrow$ B
Cc1nc2ccc(Cl)cc2c(-n2ccc3c(O)cc(-c4cn[nH]c4)cc32)c1C,NC(=O)[C@H](Cc1ccccc1)NC(=O)[C@H](CS)NC(=O)c1cn[nH]c1,[*]c1[c;H1][n;H1][n;H0][c;H1]1,[14*]c1ncc[nH]1,NC(=O)[C@H](Cc1ccccc1)NC(=O)[C@H](CS)NC(=O)c1ncc[nH]1,0.0,0.0,B $\rightarrow$ B
Cc1nc2ccc(Cl)cc2c(-n2ccc3c(O)cc(-c4cn[nH]c4)cc32)c1C,NC(=O)[C@H](Cc1ccccc1)NC(=O)[C@H](CS)NC(=O)c1cn[nH]c1,[*]c1[c;H1][n;H1][n;H0][c;H1]1,[14*]c1nnco1,NC(=O)[C@H](Cc1ccccc1)NC(=O)[C@H](CS)NC(=O)c1nnco1,-0.34010000000000035,0.0462629951898465,B $\rightarrow$ B
Cc1nc2ccc(Cl)cc2c(-n2ccc3c(O)cc(-c4cn[nH]c4)cc32)c1C,NC(=O)[C@H](Cc1ccccc1)NC(=O)[C@H](CS)NC(=O)c1cn[nH]c1,[*]c1[c;H1][n;H1][n;H0][c;H1]1,[15*]C1(N)CCC1,NC(=O)[C@H](Cc1ccccc1)NC(=O)[C@H](CS)NC(=O)C1(N)CCC1,-0.1554999999999987,-0.013165854627643137,B $\rightarrow$ B
Cc1nc2ccc(Cl)cc2c(-n2ccc3c(O)cc(-c4cn[nH]c4)cc32)c1C,NC(=O)[C@H](Cc1ccccc1)NC(=O)[C@H](CS)NC(=O)c1cn[nH]c1,[*]c1[c;H1][n;H1][n;H0][c;H1]1,[15*]C1(C)COC1,CC1(C(=O)N[C@@H](CS)C(=O)N[C@@H](Cc2ccccc2)C(N)=O)COC1,-0.00039999999999845715,0.06055825617160132,B $\rightarrow$ B
Cc1nc2ccc(Cl)cc2c(-n2ccc3c(O)cc(-c4cn[nH]c4)cc32)c1C,NC(=O)[C@H](Cc1ccccc1)NC(=O)[C@H](CS)NC(=O)c1cn[nH]c1,[*]c1[c;H1][n;H1][n;H0][c;H1]1,[15*]C1(C)CCC1,CC1(C(=O)N[C@@H](CS)C(=O)N[C@@H](Cc2ccccc2)C(N)=O)CCC1,1.1532999999999998,0.10256155544444745,B $\rightarrow$ B
Cc1nc2ccc(Cl)cc2c(-n2ccc3c(O)cc(-c4cn[nH]c4)cc32)c1C,NC(=O)[C@H](Cc1ccccc1)NC(=O)[C@H](CS)NC(=O)c1cn[nH]c1,[*]c1[c;H1][n;H1][n;H0][c;H1]1,[15*]C1CCCNCC1,NC(=O)[C@H](Cc1ccccc1)NC(=O)[C@H](CS)NC(=O)C1CCCNCC1,0.35280000000000045,-0.010533594026229831,B $\rightarrow$ B
Cc1nc2ccc(Cl)cc2c(-n2ccc3c(O)cc(-c4cn[nH]c4)cc32)c1C,NC(=O)[C@H](Cc1ccccc1)NC(=O)[C@H](CS)NC(=O)c1cn[nH]c1,[*]c1[c;H1][n;H1][n;H0][c;H1]1,[13*]C1CCCN1C,CN1CCCC1C(=O)N[C@@H](CS)C(=O)N[C@@H](Cc1ccccc1)C(N)=O,0.05730000000000235,0.05515012314084872,B $\rightarrow$ B
Cc1nc2ccc(Cl)cc2c(-n2ccc3c(O)cc(-c4cn[nH]c4)cc32)c1C,NC(=O)[C@H](Cc1ccccc1)NC(=O)[C@H](CS)NC(=O)c1cn[nH]c1,[*]c1[c;H1][n;H1][n;H0][c;H1]1,[14*]c1cnn[nH]1,NC(=O)[C@H](Cc1ccccc1)NC(=O)[C@H](CS)NC(=O)c1cnn[nH]1,-0.6049999999999993,-0.02684218703450797,B $\rightarrow$ B
Cc1nc2ccc(Cl)cc2c(-n2ccc3c(O)cc(-c4cn[nH]c4)cc32)c1C,NC(=O)[C@H](Cc1ccccc1)NC(=O)[C@H](CS)NC(=O)c1cn[nH]c1,[*]c1[c;H1][n;H1][n;H0][c;H1]1,[13*]C1CCCCN1,NC(=O)[C@H](Cc1ccccc1)NC(=O)[C@H](CS)NC(=O)C1CCCCN1,0.10520000000000063,-0.009761594031629961,B $\rightarrow$ B
Cc1nc2ccc(Cl)cc2c(-n2ccc3c(O)cc(-c4cn[nH]c4)cc32)c1C,NC(=O)[C@H](Cc1ccccc1)NC(=O)[C@H](CS)NC(=O)c1cn[nH]c1,[*]c1[c;H1][n;H1][n;H0][c;H1]1,[15*]C1CCOC(=O)C1,NC(=O)[C@H](Cc1ccccc1)NC(=O)[C@H](CS)NC(=O)C1CCOC(=O)C1,-0.08369999999999972,-0.059559473214768455,B $\rightarrow$ B
Cc1nc2ccc(Cl)cc2c(-n2ccc3c(O)cc(-c4cn[nH]c4)cc32)c1C,NC(=O)[C@H](Cc1ccccc1)NC(=O)[C@H](CS)NC(=O)c1cn[nH]c1,[*]c1[c;H1][n;H1][n;H0][c;H1]1,[15*]C1(C#N)CC1(C)C,CC1(C)CC1(C#N)C(=O)N[C@@H](CS)C(=O)N[C@@H](Cc1ccccc1)C(N)=O,0.9029800000000001,0.07396389340572895,B $\rightarrow$ B
Cc1nc2ccc(Cl)cc2c(-n2ccc3c(O)cc(-c4cn[nH]c4)cc32)c1C,NC(=O)[C@H](Cc1ccccc1)NC(=O)[C@H](CS)NC(=O)c1cn[nH]c1,[*]c1[c;H1][n;H1][n;H0][c;H1]1,[13*][C@@H]1CC(C)(C)O1,CC1(C)C[C@@H](C(=O)N[C@@H](CS)C(=O)N[C@@H](Cc2ccccc2)C(N)=O)O1,0.5306000000000011,0.07156701355554523,B $\rightarrow$ B
Cc1nc2ccc(Cl)cc2c(-n2ccc3c(O)cc(-c4cn[nH]c4)cc32)c1C,NC(=O)[C@H](Cc1ccccc1)NC(=O)[C@H](CS)NC(=O)c1cn[nH]c1,[*]c1[c;H1][n;H1][n;H0][c;H1]1,[14*]c1c(C)nnn1C,Cc1nnn(C)c1C(=O)N[C@@H](CS)C(=O)N[C@@H](Cc1ccccc1)C(N)=O,-0.2861799999999975,0.0340001420316714,B $\rightarrow$ B
Cc1nc2ccc(Cl)cc2c(-n2ccc3c(O)cc(-c4cn[nH]c4)cc32)c1C,NC(=O)[C@H](Cc1ccccc1)NC(=O)[C@H](CS)NC(=O)c1cn[nH]c1,[*]c1[c;H1][n;H1][n;H0][c;H1]1,[15*]C1COCCOC1,NC(=O)[C@H](Cc1ccccc1)NC(=O)[C@H](CS)NC(=O)C1COCCOC1,-0.37389999999999907,0.02161477897406633,B $\rightarrow$ B
Cc1nc2ccc(Cl)cc2c(-n2ccc3c(O)cc(-c4cn[nH]c4)cc32)c1C,NC(=O)[C@H](Cc1ccccc1)NC(=O)[C@H](CS)NC(=O)c1cn[nH]c1,[*]c1[c;H1][n;H1][n;H0][c;H1]1,[15*]C1CCC1C,CC1CCC1C(=O)N[C@@H](CS)C(=O)N[C@@H](Cc1ccccc1)C(N)=O,1.0092000000000003,0.09895438333222961,B $\rightarrow$ B
Cc1nc2ccc(Cl)cc2c(-n2ccc3c(O)cc(-c4cn[nH]c4)cc32)c1C,NC(=O)[C@H](Cc1ccccc1)NC(=O)[C@H](CS)NC(=O)c1cn[nH]c1,[*]c1[c;H1][n;H1][n;H0][c;H1]1,[15*]C1(F)CN(C)C1,CN1CC(F)(C(=O)N[C@@H](CS)C(=O)N[C@@H](Cc2ccccc2)C(N)=O)C1,-0.3831999999999974,0.03351325983356662,B $\rightarrow$ B
Cc1nc2ccc(Cl)cc2c(-n2ccc3c(O)cc(-c4cn[nH]c4)cc32)c1C,NC(=O)[C@H](Cc1ccccc1)NC(=O)[C@H](CS)NC(=O)c1cn[nH]c1,[*]c1[c;H1][n;H1][n;H0][c;H1]1,[14*]c1ncns1,NC(=O)[C@H](Cc1ccccc1)NC(=O)[C@H](CS)NC(=O)c1ncns1,0.1283999999999994,0.060205138039943706,B $\rightarrow$ B
Cc1nc2ccc(Cl)cc2c(-n2ccc3c(O)cc(-c4cn[nH]c4)cc32)c1C,NC(=O)[C@H](Cc1ccccc1)NC(=O)[C@H](CS)NC(=O)c1cn[nH]c1,[*]c1[c;H1][n;H1][n;H0][c;H1]1,[15*]C1(CC)CC1,CCC1(C(=O)N[C@@H](CS)C(=O)N[C@@H](Cc2ccccc2)C(N)=O)CC1,1.1532999999999998,0.07681632046752307,B $\rightarrow$ B
Cc1nc2ccc(Cl)cc2c(-n2ccc3c(O)cc(-c4cn[nH]c4)cc32)c1C,NC(=O)[C@H](Cc1ccccc1)NC(=O)[C@H](CS)NC(=O)c1cn[nH]c1,[*]c1[c;H1][n;H1][n;H0][c;H1]1,[15*]C1(CF)CC1,NC(=O)[C@H](Cc1ccccc1)NC(=O)[C@H](CS)NC(=O)C1(CF)CC1,0.7127999999999992,0.06276276457536406,B $\rightarrow$ B
Cc1nc2ccc(Cl)cc2c(-n2ccc3c(O)cc(-c4cn[nH]c4)cc32)c1C,NC(=O)[C@H](Cc1ccccc1)NC(=O)[C@H](CS)NC(=O)c1cn[nH]c1,[*]c1[c;H1][n;H1][n;H0][c;H1]1,[13*][C@@H]1COCCN1,NC(=O)[C@H](Cc1ccccc1)NC(=O)[C@H](CS)NC(=O)[C@@H]1COCCN1,-1.0484999999999978,-0.05623874061617795,B $\rightarrow$ B
Cc1nc2ccc(Cl)cc2c(-n2ccc3c(O)cc(-c4cn[nH]c4)cc32)c1C,NC(=O)[C@H](Cc1ccccc1)NC(=O)[C@H](CS)NC(=O)c1cn[nH]c1,[*]c1[c;H1][n;H1][n;H0][c;H1]1,[15*]C1CCCN(C)C1,CN1CCCC(C(=O)N[C@@H](CS)C(=O)N[C@@H](Cc2ccccc2)C(N)=O)C1,0.30490000000000217,0.05444765430418563,B $\rightarrow$ B
Cc1nc2ccc(Cl)cc2c(-n2ccc3c(O)cc(-c4cn[nH]c4)cc32)c1C,NC(=O)[C@H](Cc1ccccc1)NC(=O)[C@H](CS)NC(=O)c1cn[nH]c1,[*]c1[c;H1][n;H1][n;H0][c;H1]1,[15*]C1(C#N)COC1,N#CC1(C(=O)N[C@@H](CS)C(=O)N[C@@H](Cc2ccccc2)C(N)=O)COC1,-0.49671999999999833,0.027239172356493035,B $\rightarrow$ B
Cc1nc2ccc(Cl)cc2c(-n2ccc3c(O)cc(-c4cn[nH]c4)cc32)c1C,NC(=O)[C@H](Cc1ccccc1)NC(=O)[C@H](CS)NC(=O)c1cn[nH]c1,[*]c1[c;H1][n;H1][n;H0][c;H1]1,[14*]c1ncsn1,NC(=O)[C@H](Cc1ccccc1)NC(=O)[C@H](CS)NC(=O)c1ncsn1,0.1283999999999994,0.060205138039943706,B $\rightarrow$ B
Cc1nc2ccc(Cl)cc2c(-n2ccc3c(O)cc(-c4cn[nH]c4)cc32)c1C,NC(=O)[C@H](Cc1ccccc1)NC(=O)[C@H](CS)NC(=O)c1cn[nH]c1,[*]c1[c;H1][n;H1][n;H0][c;H1]1,[15*]C1CC(=O)C1,NC(=O)[C@H](Cc1ccccc1)NC(=O)[C@H](CS)NC(=O)C1CC(=O)C1,-0.05780000000000057,0.058242238563482596,B $\rightarrow$ B
Cc1nc2ccc(Cl)cc2c(-n2ccc3c(O)cc(-c4cn[nH]c4)cc32)c1C,NC(=O)[C@H](Cc1ccccc1)NC(=O)[C@H](CS)NC(=O)c1cn[nH]c1,[*]c1[c;H1][n;H1][n;H0][c;H1]1,[13*][C@H]1CCCCN1C,CN1CCCC[C@@H]1C(=O)N[C@@H](CS)C(=O)N[C@@H](Cc1ccccc1)C(N)=O,0.4474000000000023,0.059558869430739625,B $\rightarrow$ B
Cc1nc2ccc(Cl)cc2c(-n2ccc3c(O)cc(-c4cn[nH]c4)cc32)c1C,NC(=O)[C@H](Cc1ccccc1)NC(=O)[C@H](CS)NC(=O)c1cn[nH]c1,[*]c1[c;H1][n;H1][n;H0][c;H1]1,[15*]C1CC(OC)C1,COC1CC(C(=O)N[C@@H](CS)C(=O)N[C@@H](Cc2ccccc2)C(N)=O)C1,0.38810000000000194,0.042601381176668895,B $\rightarrow$ B
Cc1nc2ccc(Cl)cc2c(-n2ccc3c(O)cc(-c4cn[nH]c4)cc32)c1C,NC(=O)[C@H](Cc1ccccc1)NC(=O)[C@H](CS)NC(=O)c1cn[nH]c1,[*]c1[c;H1][n;H1][n;H0][c;H1]1,[14*]c1nc(C)no1,Cc1noc(C(=O)N[C@@H](CS)C(=O)N[C@@H](Cc2ccccc2)C(N)=O)n1,-0.031679999999999486,0.050859334339103,B $\rightarrow$ B
Cc1nc2ccc(Cl)cc2c(-n2ccc3c(O)cc(-c4cn[nH]c4)cc32)c1C,NC(=O)[C@H](Cc1ccccc1)NC(=O)[C@H](CS)NC(=O)c1cn[nH]c1,[*]c1[c;H1][n;H1][n;H0][c;H1]1,[13*]C1OCCCO1,NC(=O)[C@H](Cc1ccccc1)NC(=O)[C@H](CS)NC(=O)C1OCCCO1,-0.2738999999999992,0.03594184621400626,B $\rightarrow$ B
Cc1nc2ccc(Cl)cc2c(-n2ccc3c(O)cc(-c4cn[nH]c4)cc32)c1C,NC(=O)[C@H](Cc1ccccc1)NC(=O)[C@H](CS)NC(=O)c1cn[nH]c1,[*]c1[c;H1][n;H1][n;H0][c;H1]1,[15*]C12CCN(CC1)CC2,NC(=O)[C@H](Cc1ccccc1)NC(=O)[C@H](CS)NC(=O)C12CCN(CC1)CC2,0.44900000000000045,0.04991746004922931,B $\rightarrow$ B
Cc1nc2ccc(Cl)cc2c(-n2ccc3c(O)cc(-c4cn[nH]c4)cc32)c1C,NC(=O)[C@H](Cc1ccccc1)NC(=O)[C@H](CS)NC(=O)c1cn[nH]c1,[*]c1[c;H1][n;H1][n;H0][c;H1]1,[15*]C1COCOC1,NC(=O)[C@H](Cc1ccccc1)NC(=O)[C@H](CS)NC(=O)C1COCOC1,-0.41639999999999927,0.029694818762023123,B $\rightarrow$ B
Cc1nc2ccc(Cl)cc2c(-n2ccc3c(O)cc(-c4cn[nH]c4)cc32)c1C,NC(=O)[C@H](Cc1ccccc1)NC(=O)[C@H](CS)NC(=O)c1cn[nH]c1,[*]c1[c;H1][n;H1][n;H0][c;H1]1,[13*]C1CCCCCN1,NC(=O)[C@H](Cc1ccccc1)NC(=O)[C@H](CS)NC(=O)C1CCCCCN1,0.4953000000000003,-0.006240712013325489,B $\rightarrow$ B
Cc1nc2ccc(Cl)cc2c(-n2ccc3c(O)cc(-c4cn[nH]c4)cc32)c1C,NC(=O)[C@H](Cc1ccccc1)NC(=O)[C@H](CS)NC(=O)c1cn[nH]c1,[*]c1[c;H1][n;H1][n;H0][c;H1]1,[15*]C1CCCCNCC1,NC(=O)[C@H](Cc1ccccc1)NC(=O)[C@H](CS)NC(=O)C1CCCCNCC1,0.7429000000000001,-0.0093965874083074,B $\rightarrow$ B
Cc1nc2ccc(Cl)cc2c(-n2ccc3c(O)cc(-c4cn[nH]c4)cc32)c1C,NC(=O)[C@H](Cc1ccccc1)NC(=O)[C@H](CS)NC(=O)c1cn[nH]c1,[*]c1[c;H1][n;H1][n;H0][c;H1]1,[15*][C@@H]1CCCNCC1,NC(=O)[C@H](Cc1ccccc1)NC(=O)[C@H](CS)NC(=O)[C@@H]1CCCNCC1,0.35280000000000045,-0.010533594026229831,B $\rightarrow$ B
Cc1nc2ccc(Cl)cc2c(-n2ccc3c(O)cc(-c4cn[nH]c4)cc32)c1C,NC(=O)[C@H](Cc1ccccc1)NC(=O)[C@H](CS)NC(=O)c1cn[nH]c1,[*]c1[c;H1][n;H1][n;H0][c;H1]1,[15*]C1CCN(CC)C1,CCN1CCC(C(=O)N[C@@H](CS)C(=O)N[C@@H](Cc2ccccc2)C(N)=O)C1,0.30490000000000217,0.031112119088248624,B $\rightarrow$ B
Cc1nc2ccc(Cl)cc2c(-n2ccc3c(O)cc(-c4cn[nH]c4)cc32)c1C,NC(=O)[C@H](Cc1ccccc1)NC(=O)[C@H](CS)NC(=O)c1cn[nH]c1,[*]c1[c;H1][n;H1][n;H0][c;H1]1,[15*]C1(N2CCCC2)CC1,NC(=O)[C@H](Cc1ccccc1)NC(=O)[C@H](CS)NC(=O)C1(N2CCCC2)CC1,0.5915000000000004,0.031265548573311874,B $\rightarrow$ B
Cc1nc2ccc(Cl)cc2c(-n2ccc3c(O)cc(-c4cn[nH]c4)cc32)c1C,NC(=O)[C@H](Cc1ccccc1)NC(=O)[C@H](CS)NC(=O)c1cn[nH]c1,[*]c1[c;H1][n;H1][n;H0][c;H1]1,[13*][C@]1(C)CCCO1,C[C@]1(C(=O)N[C@@H](CS)C(=O)N[C@@H](Cc2ccccc2)C(N)=O)CCCO1,0.5322000000000007,0.07162155445743346,B $\rightarrow$ B
Cc1nc2ccc(Cl)cc2c(-n2ccc3c(O)cc(-c4cn[nH]c4)cc32)c1C,NC(=O)[C@H](Cc1ccccc1)NC(=O)[C@H](CS)NC(=O)c1cn[nH]c1,[*]c1[c;H1][n;H1][n;H0][c;H1]1,[15*][C@@H]1CCN(C)C1,CN1CC[C@@H](C(=O)N[C@@H](CS)C(=O)N[C@@H](Cc2ccccc2)C(N)=O)C1,-0.08519999999999756,0.04920040786911395,B $\rightarrow$ B
Cc1nc2ccc(Cl)cc2c(-n2ccc3c(O)cc(-c4cn[nH]c4)cc32)c1C,NC(=O)[C@H](Cc1ccccc1)NC(=O)[C@H](CS)NC(=O)c1cn[nH]c1,[*]c1[c;H1][n;H1][n;H0][c;H1]1,[15*]C1C2COCC12,NC(=O)[C@H](Cc1ccccc1)NC(=O)[C@H](CS)NC(=O)C1C2COCC21,-0.14449999999999902,0.04664719576147175,B $\rightarrow$ B
Cc1nc2ccc(Cl)cc2c(-n2ccc3c(O)cc(-c4cn[nH]c4)cc32)c1C,NC(=O)[C@H](Cc1ccccc1)NC(=O)[C@H](CS)NC(=O)c1cn[nH]c1,[*]c1[c;H1][n;H1][n;H0][c;H1]1,[13*][C@H]1CCCN1CC,CCN1CCC[C@@H]1C(=O)N[C@@H](CS)C(=O)N[C@@H](Cc1ccccc1)C(N)=O,0.4474000000000023,0.03596734803249524,B $\rightarrow$ B
Cc1nc2ccc(Cl)cc2c(-n2ccc3c(O)cc(-c4cn[nH]c4)cc32)c1C,NC(=O)[C@H](Cc1ccccc1)NC(=O)[C@H](CS)NC(=O)c1cn[nH]c1,[*]c1[c;H1][n;H1][n;H0][c;H1]1,[15*][C@@H]1COC(C)(C)C1,CC1(C)C[C@H](C(=O)N[C@@H](CS)C(=O)N[C@@H](Cc2ccccc2)C(N)=O)CO1,0.7782000000000018,0.06861740429571234,B $\rightarrow$ B
Cc1nc2ccc(Cl)cc2c(-n2ccc3c(O)cc(-c4cn[nH]c4)cc32)c1C,NC(=O)[C@H](Cc1ccccc1)NC(=O)[C@H](CS)NC(=O)c1cn[nH]c1,[*]c1[c;H1][n;H1][n;H0][c;H1]1,[13*]C1CC2CCN1CC2,NC(=O)[C@H](Cc1ccccc1)NC(=O)[C@H](CS)NC(=O)C1CC2CCN1CC2,0.44740000000000063,0.04986297100646042,B $\rightarrow$ B
Cc1nc2ccc(Cl)cc2c(-n2ccc3c(O)cc(-c4cn[nH]c4)cc32)c1C,NC(=O)[C@H](Cc1ccccc1)NC(=O)[C@H](CS)NC(=O)c1cn[nH]c1,[*]c1[c;H1][n;H1][n;H0][c;H1]1,[13*]C1CNC(=O)O1,NC(=O)[C@H](Cc1ccccc1)NC(=O)[C@H](CS)NC(=O)C1CNC(=O)O1,-0.9284999999999992,-0.05388041472759486,B $\rightarrow$ B
Cc1nc2ccc(Cl)cc2c(-n2ccc3c(O)cc(-c4cn[nH]c4)cc32)c1C,NC(=O)[C@H](Cc1ccccc1)NC(=O)[C@H](CS)NC(=O)c1cn[nH]c1,[*]c1[c;H1][n;H1][n;H0][c;H1]1,[15*][C@@H]1CC1(C)C,CC1(C)C[C@H]1C(=O)N[C@@H](CS)C(=O)N[C@@H](Cc1ccccc1)C(N)=O,1.0092000000000003,0.09895438333222961,B $\rightarrow$ B
Cc1nc2ccc(Cl)cc2c(-n2ccc3c(O)cc(-c4cn[nH]c4)cc32)c1C,NC(=O)[C@H](Cc1ccccc1)NC(=O)[C@H](CS)NC(=O)c1cn[nH]c1,[*]c1[c;H1][n;H1][n;H0][c;H1]1,[15*]C1CCN(C#N)C1,N#CN1CCC(C(=O)N[C@@H](CS)C(=O)N[C@@H](Cc2ccccc2)C(N)=O)C1,-0.23391999999999863,-0.06229544151052596,B $\rightarrow$ B
Cc1nc2ccc(Cl)cc2c(-n2ccc3c(O)cc(-c4cn[nH]c4)cc32)c1C,NC(=O)[C@H](Cc1ccccc1)NC(=O)[C@H](CS)NC(=O)c1cn[nH]c1,[*]c1[c;H1][n;H1][n;H0][c;H1]1,[13*]C1CC(=O)N1,NC(=O)[C@H](Cc1ccccc1)NC(=O)[C@H](CS)NC(=O)C1CC(=O)N1,-1.1483999999999988,-0.127621529942403,B $\rightarrow$ B
Cc1nc2ccc(Cl)cc2c(-n2ccc3c(O)cc(-c4cn[nH]c4)cc32)c1C,NC(=O)[C@H](Cc1ccccc1)NC(=O)[C@H](CS)NC(=O)c1cn[nH]c1,[*]c1[c;H1][n;H1][n;H0][c;H1]1,[15*][C@H]1CCC(F)(F)C1,NC(=O)[C@H](Cc1ccccc1)NC(=O)[C@H](CS)NC(=O)[C@H]1CCC(F)(F)C1,1.3984999999999994,0.08016120304306412,B $\rightarrow$ B
Cc1nc2ccc(Cl)cc2c(-n2ccc3c(O)cc(-c4cn[nH]c4)cc32)c1C,NC(=O)[C@H](Cc1ccccc1)NC(=O)[C@H](CS)NC(=O)c1cn[nH]c1,[*]c1[c;H1][n;H1][n;H0][c;H1]1,[13*]C1NCCCC1C,CC1CCCNC1C(=O)N[C@@H](CS)C(=O)N[C@@H](Cc1ccccc1)C(N)=O,0.3512000000000029,-0.01058329866359159,B $\rightarrow$ B
Cc1nc2ccc(Cl)cc2c(-n2ccc3c(O)cc(-c4cn[nH]c4)cc32)c1C,NC(=O)[C@H](Cc1ccccc1)NC(=O)[C@H](CS)NC(=O)c1cn[nH]c1,[*]c1[c;H1][n;H1][n;H0][c;H1]1,[15*]C1CCC[C@H](C)C1,C[C@H]1CCCC(C(=O)N[C@@H](CS)C(=O)N[C@@H](Cc2ccccc2)C(N)=O)C1,1.7894,0.09298340842606867,B $\rightarrow$ B
Cc1nc2ccc(Cl)cc2c(-n2ccc3c(O)cc(-c4cn[nH]c4)cc32)c1C,NC(=O)[C@H](Cc1ccccc1)NC(=O)[C@H](CS)NC(=O)c1cn[nH]c1,[*]c1[c;H1][n;H1][n;H0][c;H1]1,[15*]C1(CN)COC1,NCC1(C(=O)N[C@@H](CS)C(=O)N[C@@H](Cc2ccccc2)C(N)=O)COC1,-1.0615999999999957,-0.07615255207902588,B $\rightarrow$ B
Cc1nc2ccc(Cl)cc2c(-n2ccc3c(O)cc(-c4cn[nH]c4)cc32)c1C,NC(=O)[C@H](Cc1ccccc1)NC(=O)[C@H](CS)NC(=O)c1cn[nH]c1,[*]c1[c;H1][n;H1][n;H0][c;H1]1,[14*]c1nnn(C)c1C,Cc1c(C(=O)N[C@@H](CS)C(=O)N[C@@H](Cc2ccccc2)C(N)=O)nnn1C,-0.2861799999999988,0.03400014203167129,B $\rightarrow$ B
Cc1nc2ccc(Cl)cc2c(-n2ccc3c(O)cc(-c4cn[nH]c4)cc32)c1C,NC(=O)[C@H](Cc1ccccc1)NC(=O)[C@H](CS)NC(=O)c1cn[nH]c1,[*]c1[c;H1][n;H1][n;H0][c;H1]1,[15*][C@@H]1C[C@H]1F,NC(=O)[C@H](Cc1ccccc1)NC(=O)[C@H](CS)NC(=O)[C@@H]1C[C@H]1F,0.32109999999999944,0.08235938849845748,B $\rightarrow$ B
Cc1nc2ccc(Cl)cc2c(-n2ccc3c(O)cc(-c4cn[nH]c4)cc32)c1C,NC(=O)[C@H](Cc1ccccc1)NC(=O)[C@H](CS)NC(=O)c1cn[nH]c1,[*]c1[c;H1][n;H1][n;H0][c;H1]1,[16*]c1ccccc1F,NC(=O)[C@H](Cc1ccccc1)NC(=O)[C@H](CS)NC(=O)c1ccccc1F,1.4159999999999997,0.09660388919885032,B $\rightarrow$ B
Cc1nc2ccc(Cl)cc2c(-n2ccc3c(O)cc(-c4cn[nH]c4)cc32)c1C,NC(=O)[C@H](Cc1ccccc1)NC(=O)[C@H](CS)NC(=O)c1cn[nH]c1,[*]c1[c;H1][n;H1][n;H0][c;H1]1,[14*]c1c(C)ncn1C,Cc1ncn(C)c1C(=O)N[C@@H](CS)C(=O)N[C@@H](Cc1ccccc1)C(N)=O,0.31882000000000127,0.06260395972448857,B $\rightarrow$ B
Cc1nc2ccc(Cl)cc2c(-n2ccc3c(O)cc(-c4cn[nH]c4)cc32)c1C,NC(=O)[C@H](Cc1ccccc1)NC(=O)[C@H](CS)NC(=O)c1cn[nH]c1,[*]c1[c;H1][n;H1][n;H0][c;H1]1,[15*]C1CCOCC1F,NC(=O)[C@H](Cc1ccccc1)NC(=O)[C@H](CS)NC(=O)C1CCOCC1F,0.33769999999999983,0.05102020388820616,B $\rightarrow$ B
Cc1nc2ccc(Cl)cc2c(-n2ccc3c(O)cc(-c4cn[nH]c4)cc32)c1C,NC(=O)[C@H](Cc1ccccc1)NC(=O)[C@H](CS)NC(=O)c1cn[nH]c1,[*]c1[c;H1][n;H1][n;H0][c;H1]1,[15*]C1CCCC1N,NC(=O)[C@H](Cc1ccccc1)NC(=O)[C@H](CS)NC(=O)C1CCCC1N,0.09050000000000141,-0.01205096390471233,B $\rightarrow$ B
Cc1nc2ccc(Cl)cc2c(-n2ccc3c(O)cc(-c4cn[nH]c4)cc32)c1C,NC(=O)[C@H](Cc1ccccc1)NC(=O)[C@H](CS)NC(=O)c1cn[nH]c1,[*]c1[c;H1][n;H1][n;H0][c;H1]1,[13*][C@H]1CC(=O)O1,NC(=O)[C@H](Cc1ccccc1)NC(=O)[C@H](CS)NC(=O)[C@H]1CC(=O)O1,-0.7213999999999992,-0.0669671915079898,B $\rightarrow$ B
Cc1nc2ccc(Cl)cc2c(-n2ccc3c(O)cc(-c4cn[nH]c4)cc32)c1C,NC(=O)[C@H](Cc1ccccc1)NC(=O)[C@H](CS)NC(=O)c1cn[nH]c1,[*]c1[c;H1][n;H1][n;H0][c;H1]1,[15*]C1(F)CCCCC1,NC(=O)[C@H](Cc1ccccc1)NC(=O)[C@H](CS)NC(=O)C1(F)CCCCC1,1.6354999999999993,0.08749446279075823,B $\rightarrow$ B
Cc1nc2ccc(Cl)cc2c(-n2ccc3c(O)cc(-c4cn[nH]c4)cc32)c1C,NC(=O)[C@H](Cc1ccccc1)NC(=O)[C@H](CS)NC(=O)c1cn[nH]c1,[*]c1[c;H1][n;H1][n;H0][c;H1]1,[14*]c1[nH]cnc1C,Cc1nc[nH]c1C(=O)N[C@@H](CS)C(=O)N[C@@H](Cc1ccccc1)C(N)=O,0.30841999999999997,0.0029939370333813553,B $\rightarrow$ B
Cc1nc2ccc(Cl)cc2c(-n2ccc3c(O)cc(-c4cn[nH]c4)cc32)c1C,NC(=O)[C@H](Cc1ccccc1)NC(=O)[C@H](CS)NC(=O)c1cn[nH]c1,[*]c1[c;H1][n;H1][n;H0][c;H1]1,[13*][C@@H]1CC(F)(F)CN1,NC(=O)[C@H](Cc1ccccc1)NC(=O)[C@H](CS)NC(=O)[C@@H]1CC(F)(F)CN1,-0.039699999999999847,-0.028824029857834055,B $\rightarrow$ B
Cc1nc2ccc(Cl)cc2c(-n2ccc3c(O)cc(-c4cn[nH]c4)cc32)c1C,NC(=O)[C@H](Cc1ccccc1)NC(=O)[C@H](CS)NC(=O)c1cn[nH]c1,[*]c1[c;H1][n;H1][n;H0][c;H1]1,[15*]C1CCC(=O)N(C)C1,CN1CC(C(=O)N[C@@H](CS)C(=O)N[C@@H](Cc2ccccc2)C(N)=O)CCC1=O,-0.16849999999999726,0.02270292808448815,B $\rightarrow$ B
Cc1nc2ccc(Cl)cc2c(-n2ccc3c(O)cc(-c4cn[nH]c4)cc32)c1C,NC(=O)[C@H](Cc1ccccc1)NC(=O)[C@H](CS)NC(=O)c1cn[nH]c1,[*]c1[c;H1][n;H1][n;H0][c;H1]1,[13*][C@H]1CCC[C@@H](C)O1,C[C@@H]1CCC[C@H](C(=O)N[C@@H](CS)C(=O)N[C@@H](Cc2ccccc2)C(N)=O)O1,0.9207000000000014,0.07259448628319015,B $\rightarrow$ B
Cc1nc2ccc(Cl)cc2c(-n2ccc3c(O)cc(-c4cn[nH]c4)cc32)c1C,NC(=O)[C@H](Cc1ccccc1)NC(=O)[C@H](CS)NC(=O)c1cn[nH]c1,[*]c1[c;H1][n;H1][n;H0][c;H1]1,[13*]C12CCCN1C(=O)CC2,NC(=O)[C@H](Cc1ccccc1)NC(=O)[C@H](CS)NC(=O)C12CCCN1C(=O)CC2,0.11810000000000026,0.024259779293450745,B $\rightarrow$ B
Cc1nc2ccc(Cl)cc2c(-n2ccc3c(O)cc(-c4cn[nH]c4)cc32)c1C,NC(=O)[C@H](Cc1ccccc1)NC(=O)[C@H](CS)NC(=O)c1cn[nH]c1,[*]c1[c;H1][n;H1][n;H0][c;H1]1,[15*]C1(O)CCCCCC1,NC(=O)[C@H](Cc1ccccc1)NC(=O)[C@H](CS)NC(=O)C1(O)CCCCCC1,1.048399999999999,-0.08988264452119704,B $\rightarrow$ B
Cc1nc2ccc(Cl)cc2c(-n2ccc3c(O)cc(-c4cn[nH]c4)cc32)c1C,NC(=O)[C@H](Cc1ccccc1)NC(=O)[C@H](CS)NC(=O)c1cn[nH]c1,[*]c1[c;H1][n;H1][n;H0][c;H1]1,[15*][C@H]1CCOC(C)(C)C1,CC1(C)C[C@@H](C(=O)N[C@@H](CS)C(=O)N[C@@H](Cc2ccccc2)C(N)=O)CCO1,1.1683000000000012,0.06676618414492297,B $\rightarrow$ B
Cc1nc2ccc(Cl)cc2c(-n2ccc3c(O)cc(-c4cn[nH]c4)cc32)c1C,NC(=O)[C@H](Cc1ccccc1)NC(=O)[C@H](CS)NC(=O)c1cn[nH]c1,[*]c1[c;H1][n;H1][n;H0][c;H1]1,[13*][C@]1(C)CCCN1,C[C@]1(C(=O)N[C@@H](CS)C(=O)N[C@@H](Cc2ccccc2)C(N)=O)CCCN1,0.10520000000000151,-0.009761594031629961,B $\rightarrow$ B
Cc1nc2ccc(Cl)cc2c(-n2ccc3c(O)cc(-c4cn[nH]c4)cc32)c1C,NC(=O)[C@H](Cc1ccccc1)NC(=O)[C@H](CS)NC(=O)c1cn[nH]c1,[*]c1[c;H1][n;H1][n;H0][c;H1]1,[15*][C@H]1CCS(=O)(=O)C1,NC(=O)[C@H](Cc1ccccc1)NC(=O)[C@H](CS)NC(=O)[C@H]1CCS(=O)(=O)C1,-0.6021999999999985,-0.003934256351090515,B $\rightarrow$ B
Cc1nc2ccc(Cl)cc2c(-n2ccc3c(O)cc(-c4cn[nH]c4)cc32)c1C,NC(=O)[C@H](Cc1ccccc1)NC(=O)[C@H](CS)NC(=O)c1cn[nH]c1,[*]c1[c;H1][n;H1][n;H0][c;H1]1,[13*][C@H]1CNCCS1,NC(=O)[C@H](Cc1ccccc1)NC(=O)[C@H](CS)NC(=O)[C@H]1CNCCS1,-0.33189999999999814,-0.037703276761975324,B $\rightarrow$ B
Cc1nc2ccc(Cl)cc2c(-n2ccc3c(O)cc(-c4cn[nH]c4)cc32)c1C,NC(=O)[C@H](Cc1ccccc1)NC(=O)[C@H](CS)NC(=O)c1cn[nH]c1,[*]c1[c;H1][n;H1][n;H0][c;H1]1,[14*]c1ncncn1,NC(=O)[C@H](Cc1ccccc1)NC(=O)[C@H](CS)NC(=O)c1ncncn1,-0.5380999999999994,0.030657262537992336,B $\rightarrow$ B
Cc1nc2ccc(Cl)cc2c(-n2ccc3c(O)cc(-c4cn[nH]c4)cc32)c1C,NC(=O)[C@H](Cc1ccccc1)NC(=O)[C@H](CS)NC(=O)c1cn[nH]c1,[*]c1[c;H1][n;H1][n;H0][c;H1]1,[13*][C@@H]1C[C@@H](F)CN1,NC(=O)[C@H](Cc1ccccc1)NC(=O)[C@H](CS)NC(=O)[C@@H]1C[C@@H](F)CN1,-0.3368999999999987,-0.028230009359919817,B $\rightarrow$ B
Cc1nc2ccc(Cl)cc2c(-n2ccc3c(O)cc(-c4cn[nH]c4)cc32)c1C,NC(=O)[C@H](Cc1ccccc1)NC(=O)[C@H](CS)NC(=O)c1cn[nH]c1,[*]c1[c;H1][n;H1][n;H0][c;H1]1,[13*][C@@H]1CCCCN1C(C)=O,CC(=O)N1CCCC[C@H]1C(=O)N[C@@H](CS)C(=O)N[C@@H](Cc1ccccc1)C(N)=O,0.36410000000000303,0.031378042648615434,B $\rightarrow$ B
Cc1nc2ccc(Cl)cc2c(-n2ccc3c(O)cc(-c4cn[nH]c4)cc32)c1C,NC(=O)[C@H](Cc1ccccc1)NC(=O)[C@H](CS)NC(=O)c1cn[nH]c1,[*]c1[c;H1][n;H1][n;H0][c;H1]1,[14*]c1occc1C,Cc1ccoc1C(=O)N[C@@H](CS)C(=O)N[C@@H](Cc1ccccc1)C(N)=O,1.1783200000000005,0.10020741188531113,B $\rightarrow$ B
Cc1nc2ccc(Cl)cc2c(-n2ccc3c(O)cc(-c4cn[nH]c4)cc32)c1C,NC(=O)[C@H](Cc1ccccc1)NC(=O)[C@H](CS)NC(=O)c1cn[nH]c1,[*]c1[c;H1][n;H1][n;H0][c;H1]1,[16*]c1ccc(OC)cc1,COc1ccc(C(=O)N[C@@H](CS)C(=O)N[C@@H](Cc2ccccc2)C(N)=O)cc1,1.2854999999999999,0.05723858562576578,B $\rightarrow$ B
Cc1nc2ccc(Cl)cc2c(-n2ccc3c(O)cc(-c4cn[nH]c4)cc32)c1C,NC(=O)[C@H](Cc1ccccc1)NC(=O)[C@H](CS)NC(=O)c1cn[nH]c1,[*]c1[c;H1][n;H1][n;H0][c;H1]1,[15*][C@@H]1CCCCNC1,NC(=O)[C@H](Cc1ccccc1)NC(=O)[C@H](CS)NC(=O)[C@@H]1CCCCNC1,0.35280000000000045,-0.010533594026229831,B $\rightarrow$ B
Cc1nc2ccc(Cl)cc2c(-n2ccc3c(O)cc(-c4cn[nH]c4)cc32)c1C,NC(=O)[C@H](Cc1ccccc1)NC(=O)[C@H](CS)NC(=O)c1cn[nH]c1,[*]c1[c;H1][n;H1][n;H0][c;H1]1,[15*]C1(CC)CCOCC1,CCC1(C(=O)N[C@@H](CS)C(=O)N[C@@H](Cc2ccccc2)C(N)=O)CCOCC1,1.169900000000001,0.0428468237333704,B $\rightarrow$ B
Cc1nc2ccc(Cl)cc2c(-n2ccc3c(O)cc(-c4cn[nH]c4)cc32)c1C,NC(=O)[C@H](Cc1ccccc1)NC(=O)[C@H](CS)NC(=O)c1cn[nH]c1,[*]c1[c;H1][n;H1][n;H0][c;H1]1,[15*][C@@H]1CO[C@H](C)C1,C[C@@H]1C[C@H](C(=O)N[C@@H](CS)C(=O)N[C@@H](Cc2ccccc2)C(N)=O)CO1,0.38810000000000194,0.06654267409699355,B $\rightarrow$ B
Cc1nc2ccc(Cl)cc2c(-n2ccc3c(O)cc(-c4cn[nH]c4)cc32)c1C,NC(=O)[C@H](Cc1ccccc1)NC(=O)[C@H](CS)NC(=O)c1cn[nH]c1,[*]c1[c;H1][n;H1][n;H0][c;H1]1,[14*]c1ncc(F)o1,NC(=O)[C@H](Cc1ccccc1)NC(=O)[C@H](CS)NC(=O)c1ncc(F)o1,0.4039999999999998,0.07007840504827878,B $\rightarrow$ B
Cc1nc2ccc(Cl)cc2c(-n2ccc3c(O)cc(-c4cn[nH]c4)cc32)c1C,NC(=O)[C@H](Cc1ccccc1)NC(=O)[C@H](CS)NC(=O)c1cn[nH]c1,[*]c1[c;H1][n;H1][n;H0][c;H1]1,[15*]C1(N(C)C(C)=O)CC1,CC(=O)N(C)C1(C(=O)N[C@@H](CS)C(=O)N[C@@H](Cc2ccccc2)C(N)=O)CC1,-0.025999999999997414,0.006430040154890793,B $\rightarrow$ B
Cc1nc2ccc(Cl)cc2c(-n2ccc3c(O)cc(-c4cn[nH]c4)cc32)c1C,NC(=O)[C@H](Cc1ccccc1)NC(=O)[C@H](CS)NC(=O)c1cn[nH]c1,[*]c1[c;H1][n;H1][n;H0][c;H1]1,[13*]C1CNCCN1,NC(=O)[C@H](Cc1ccccc1)NC(=O)[C@H](CS)NC(=O)C1CNCCN1,-1.4754999999999965,-0.11483094089298718,B $\rightarrow$ B
Cc1nc2ccc(Cl)cc2c(-n2ccc3c(O)cc(-c4cn[nH]c4)cc32)c1C,NC(=O)[C@H](Cc1ccccc1)NC(=O)[C@H](CS)NC(=O)c1cn[nH]c1,[*]c1[c;H1][n;H1][n;H0][c;H1]1,[15*]C12CCNCC1C2,NC(=O)[C@H](Cc1ccccc1)NC(=O)[C@H](CS)NC(=O)C12CCNCC1C2,-0.0372999999999995,-0.02221621266106316,B $\rightarrow$ B
Cc1nc2ccc(Cl)cc2c(-n2ccc3c(O)cc(-c4cn[nH]c4)cc32)c1C,NC(=O)[C@H](Cc1ccccc1)NC(=O)[C@H](CS)NC(=O)c1cn[nH]c1,[*]c1[c;H1][n;H1][n;H0][c;H1]1,[16*]c1cccc(OC)c1,COc1cccc(C(=O)N[C@@H](CS)C(=O)N[C@@H](Cc2ccccc2)C(N)=O)c1,1.2854999999999999,0.05723858562576578,B $\rightarrow$ B
Cc1nc2ccc(Cl)cc2c(-n2ccc3c(O)cc(-c4cn[nH]c4)cc32)c1C,NC(=O)[C@H](Cc1ccccc1)NC(=O)[C@H](CS)NC(=O)c1cn[nH]c1,[*]c1[c;H1][n;H1][n;H0][c;H1]1,[15*]C1(C)COC(C)(C)OC1,CC1(C)OCC(C)(C(=O)N[C@@H](CS)C(=O)N[C@@H](Cc2ccccc2)C(N)=O)CO1,0.7523000000000017,0.039979483530251825,B $\rightarrow$ B
Cc1nc2ccc(Cl)cc2c(-n2ccc3c(O)cc(-c4cn[nH]c4)cc32)c1C,NC(=O)[C@H](Cc1ccccc1)NC(=O)[C@H](CS)NC(=O)c1cn[nH]c1,[*]c1[c;H1][n;H1][n;H0][c;H1]1,[14*]c1cn(CC)nn1,CCn1cc(C(=O)N[C@@H](CS)C(=O)N[C@@H](Cc2ccccc2)C(N)=O)nn1,-0.11169999999999969,0.01877928700860687,B $\rightarrow$ B
Cc1nc2ccc(Cl)cc2c(-n2ccc3c(O)cc(-c4cn[nH]c4)cc32)c1C,NC(=O)[C@H](Cc1ccccc1)NC(=O)[C@H](CS)NC(=O)c1cn[nH]c1,[*]c1[c;H1][n;H1][n;H0][c;H1]1,[15*]C1CC2(CCCO2)C1,NC(=O)[C@H](Cc1ccccc1)NC(=O)[C@H](CS)NC(=O)C1CC2(CCCO2)C1,0.9222999999999997,0.06261550833793628,B $\rightarrow$ B
Cc1nc2ccc(Cl)cc2c(-n2ccc3c(O)cc(-c4cn[nH]c4)cc32)c1C,NC(=O)[C@H](Cc1ccccc1)NC(=O)[C@H](CS)NC(=O)c1cn[nH]c1,[*]c1[c;H1][n;H1][n;H0][c;H1]1,[13*]C1COC(C)CN1,CC1CNC(C(=O)N[C@@H](CS)C(=O)N[C@@H](Cc2ccccc2)C(N)=O)CO1,-0.6599999999999948,-0.04970457809655421,B $\rightarrow$ B
Cc1nc2ccc(Cl)cc2c(-n2ccc3c(O)cc(-c4cn[nH]c4)cc32)c1C,NC(=O)[C@H](Cc1ccccc1)NC(=O)[C@H](CS)NC(=O)c1cn[nH]c1,[*]c1[c;H1][n;H1][n;H0][c;H1]1,[15*]C1CCOC[C@@H]1F,NC(=O)[C@H](Cc1ccccc1)NC(=O)[C@H](CS)NC(=O)C1CCOC[C@@H]1F,0.33769999999999983,0.05102020388820616,B $\rightarrow$ B
Cc1nc2ccc(Cl)cc2c(-n2ccc3c(O)cc(-c4cn[nH]c4)cc32)c1C,NC(=O)[C@H](Cc1ccccc1)NC(=O)[C@H](CS)NC(=O)c1cn[nH]c1,[*]c1[c;H1][n;H1][n;H0][c;H1]1,[13*][C@H]1CN(C)CCN1,CN1CCN[C@@H](C(=O)N[C@@H](CS)C(=O)N[C@@H](Cc2ccccc2)C(N)=O)C1,-1.133299999999995,-0.06602271454083891,B $\rightarrow$ B
Cc1nc2ccc(Cl)cc2c(-n2ccc3c(O)cc(-c4cn[nH]c4)cc32)c1C,NC(=O)[C@H](Cc1ccccc1)NC(=O)[C@H](CS)NC(=O)c1cn[nH]c1,[*]c1[c;H1][n;H1][n;H0][c;H1]1,[15*][C@H]1C=CCC1,NC(=O)[C@H](Cc1ccccc1)NC(=O)[C@H](CS)NC(=O)[C@H]1C=CCC1,0.9292999999999993,-0.009128379051256241,B $\rightarrow$ B
Cc1nc2ccc(Cl)cc2c(-n2ccc3c(O)cc(-c4cn[nH]c4)cc32)c1C,NC(=O)[C@H](Cc1ccccc1)NC(=O)[C@H](CS)NC(=O)c1cn[nH]c1,[*]c1[c;H1][n;H1][n;H0][c;H1]1,[15*]C1CN2CC[C@H]1C2,NC(=O)[C@H](Cc1ccccc1)NC(=O)[C@H](CS)NC(=O)C1CN2CC[C@H]1C2,-0.08519999999999911,0.04058712150799415,B $\rightarrow$ B
Cc1nc2ccc(Cl)cc2c(-n2ccc3c(O)cc(-c4cn[nH]c4)cc32)c1C,NC(=O)[C@H](Cc1ccccc1)NC(=O)[C@H](CS)NC(=O)c1cn[nH]c1,[*]c1[c;H1][n;H1][n;H0][c;H1]1,[13*][C@H]1N[C@@H]2CC[C@H]1C2,NC(=O)[C@H](Cc1ccccc1)NC(=O)[C@H](CS)NC(=O)[C@H]1N[C@@H]2CC[C@H]1C2,0.10360000000000075,-0.017326917593495583,B $\rightarrow$ B
Cc1nc2ccc(Cl)cc2c(-n2ccc3c(O)cc(-c4cn[nH]c4)cc32)c1C,NC(=O)[C@H](Cc1ccccc1)NC(=O)[C@H](CS)NC(=O)c1cn[nH]c1,[*]c1[c;H1][n;H1][n;H0][c;H1]1,[14*]c1nccnc1C,Cc1nccnc1C(=O)N[C@@H](CS)C(=O)N[C@@H](Cc1ccccc1)C(N)=O,0.37532000000000015,0.06378769700156345,B $\rightarrow$ B
Cc1nc2ccc(Cl)cc2c(-n2ccc3c(O)cc(-c4cn[nH]c4)cc32)c1C,NC(=O)[C@H](Cc1ccccc1)NC(=O)[C@H](CS)NC(=O)c1cn[nH]c1,[*]c1[c;H1][n;H1][n;H0][c;H1]1,[13*]C1CN(CC)CCCO1,CCN1CCCOC(C(=O)N[C@@H](CS)C(=O)N[C@@H](Cc2ccccc2)C(N)=O)C1,0.0739000000000038,-0.0023744339170659323,B $\rightarrow$ B
Cc1nc2ccc(Cl)cc2c(-n2ccc3c(O)cc(-c4cn[nH]c4)cc32)c1C,NC(=O)[C@H](Cc1ccccc1)NC(=O)[C@H](CS)NC(=O)c1cn[nH]c1,[*]c1[c;H1][n;H1][n;H0][c;H1]1,[13*][C@H]1C[C@@H](O)CCO1,NC(=O)[C@H](Cc1ccccc1)NC(=O)[C@H](CS)NC(=O)[C@H]1C[C@@H](O)CCO1,-0.4969999999999986,-0.04523871470298324,B $\rightarrow$ B
Cc1nc2ccc(Cl)cc2c(-n2ccc3c(O)cc(-c4cn[nH]c4)cc32)c1C,NC(=O)[C@H](Cc1ccccc1)NC(=O)[C@H](CS)NC(=O)c1cn[nH]c1,[*]c1[c;H1][n;H1][n;H0][c;H1]1,[15*][C@H]1C[C@@](C)(O)C1,C[C@]1(O)C[C@@H](C(=O)N[C@@H](CS)C(=O)N[C@@H](Cc2ccccc2)C(N)=O)C1,0.12410000000000099,-0.01070859984174527,B $\rightarrow$ B
Cc1nc2ccc(Cl)cc2c(-n2ccc3c(O)cc(-c4cn[nH]c4)cc32)c1C,NC(=O)[C@H](Cc1ccccc1)NC(=O)[C@H](CS)NC(=O)c1cn[nH]c1,[*]c1[c;H1][n;H1][n;H0][c;H1]1,[13*][C@@H]1CCSS1,NC(=O)[C@H](Cc1ccccc1)NC(=O)[C@H](CS)NC(=O)[C@@H]1CCSS1,1.1168,-0.029432843089029104,B $\rightarrow$ B
Cc1nc2ccc(Cl)cc2c(-n2ccc3c(O)cc(-c4cn[nH]c4)cc32)c1C,NC(=O)[C@H](Cc1ccccc1)NC(=O)[C@H](CS)NC(=O)c1cn[nH]c1,[*]c1[c;H1][n;H1][n;H0][c;H1]1,[15*][C@H]1[C@@H]2COC[C@H]12,NC(=O)[C@H](Cc1ccccc1)NC(=O)[C@H](CS)NC(=O)[C@@H]1[C@H]2COC[C@H]21,-0.14449999999999902,0.04664719576147175,B $\rightarrow$ B
Cc1nc2ccc(Cl)cc2c(-n2ccc3c(O)cc(-c4cn[nH]c4)cc32)c1C,NC(=O)[C@H](Cc1ccccc1)NC(=O)[C@H](CS)NC(=O)c1cn[nH]c1,[*]c1[c;H1][n;H1][n;H0][c;H1]1,[15*][C@@H]1CCC[C@H](O)C1,NC(=O)[C@H](Cc1ccccc1)NC(=O)[C@H](CS)NC(=O)[C@@H]1CCC[C@H](O)C1,0.5141999999999993,-0.007374946782529479,B $\rightarrow$ B
